Accession,Description,Abundance: M1,Abundance: M2,Abundance: M3,Abundance: C1,Abundance: C2,Abundance: C3
P10000,Protein 1,1937.8,70816.4,230775.6,2271.7,1902.6,3468
P10001,Protein 2,1002,13119.3,37078.6,770.3,624.4,718.4
P10002,Protein 3,735.5,6590.5,23275.1,314.9,289.2,1098
P10003,Protein 4,7381.8,6223.9,7076.9,13530.4,4649.8,4436.2
P10004,Protein 5,70.2,1417.8,5875.2,50.9,22.8,46.5
P10005,Protein 6,479.8,4331.8,17706.9,363.6,420.3,606.6
P10006,Protein 7,406,5437.2,17361.3,405.4,300.1,387
P10007,Protein 8,4581.4,4993.9,5732.7,5199.4,7505.8,6786.5
P10008,Protein 9,,31.4,59,2.8,,5.8
P10009,Protein 10,5632.7,2787.2,7162.4,5610,3882.5,5256.5
P10010,Protein 11,184.2,188.5,328.7,27356.1,1902.7,10723.6
P10011,Protein 12,4930.2,5530.7,5730,1262.6,2095.8,689.3
P10012,Protein 13,1552,1552,1723.7,4041.1,3598.7,6552.1
P10013,Protein 14,948.5,695,1352.6,5596.5,1853.5,4240.4
P10014,Protein 15,6871.2,8475.1,14306.6,2499.2,2551,3184.4
P10015,Protein 16,373,4723,15679.3,478.7,351.7,424
P10016,Protein 17,3733.4,2270.4,5202.5,4703.2,2705.8,2710.4
P10017,Protein 18,7832.6,7615.8,9193,5971.1,2807,3283.6
P10018,Protein 19,793.9,1136.3,1336.2,141.8,122.2,144.2
P10019,Protein 20,882,1129,1477.8,285,488.5,313.3
P10020,Protein 21,87.7,791,2340.3,42.5,29.2,34.7
P10021,Protein 22,11554.8,12471.5,15850,659.7,558.8,579.6
P10022,Protein 23,1497.4,116,243.5,117.3,90.1,12297.3
P10023,Protein 24,321.2,284,566.4,29682,5660.3,23825.9
P10024,Protein 25,3342.2,4597.5,4694.4,972.9,1406.3,716.8
P10025,Protein 26,4877.9,6024.7,7796.8,2511.7,1902.6,1703.2
P10026,Protein 27,5178,5754.2,6094.3,1434.4,2487.5,1733.6
P10027,Protein 28,2481.4,2222.1,4921.9,1918.5,1798,2625.9
P10028,Protein 29,5243.1,5943,7135.5,3195.3,4298.5,989
P10029,Protein 30,451.9,1759.1,4745.1,274.3,283.2,310
P10030,Protein 31,95.8,230.4,325.1,34.7,28.6,15.2
P10031,Protein 32,1246.4,534.8,810.9,1103.8,1504.4,670.8
P10032,Protein 33,1767.1,2931.3,2138.5,3426,3451.9,2885.2
P10033,Protein 34,7238.7,8815,10696.1,1318.2,2077.6,1137.7
P10034,Protein 35,2368.8,5650,6171.5,98.3,191.4,83.4
P10035,Protein 36,3815.2,2540.5,3304.5,24.4,255.9,11.2
P10036,Protein 37,6190.8,6883,7934.1,616.9,515.8,525.8
P10037,Protein 38,,,8.3,2.7,,1601.4
P10038,Protein 39,8570.8,8353.9,7357.1,541.1,3318,1893.6
P10039,Protein 40,52.9,89,120.8,26,24,21.2
P10040,Protein 41,337.8,154.5,411.7,416.4,243.1,255.8
P10041,Protein 42,4998.7,3257.6,4005.3,47,2994.1,19.9
P10042,Protein 43,185.2,57.8,125.5,44.4,8.5,7454.9
P10043,Protein 44,236.3,227.9,258.7,58.4,49.8,58.3
P10044,Protein 45,259.7,4984.4,15283.4,201.3,256.3,158.7
P10045,Protein 46,3147.9,3838.4,5146.6,1466.9,907.4,1418.5
P10046,Protein 47,6556.6,6288.3,6524.8,6106.8,10350.2,9120.8
P10047,Protein 48,81.4,2807.7,9443.6,76.3,46.9,87.8
P10048,Protein 49,6704.9,4375.4,5292.4,53.3,1432.9,29
P10049,Protein 50,1107,1507.4,3204.6,969.4,1581.1,1776.7
P10050,Protein 51,5281.8,10837.5,9213,2785.6,4993.7,1013.7
P10051,Protein 52,379.8,681.8,2049.5,508.1,413.6,1720.1
P10052,Protein 53,3241.1,5367.5,5925.7,81.7,214.5,121.5
P10053,Protein 54,11395.8,9141.7,11417.8,476.6,896.8,452.6
P10054,Protein 55,2078.4,1092.4,3691.9,2685.9,1502.1,2677.5
P10055,Protein 56,3745.5,3481,3964.3,185.8,382.4,206.2
P10056,Protein 57,177.8,20.5,38.8,14.7,20.3,6182.5
P10057,Protein 58,1135.5,1419.4,2773.3,523.8,1051.9,1156.9
P10058,Protein 59,4661.3,5920.4,6683.8,900.8,1475.1,926.7
P10059,Protein 60,485.4,737.1,981.6,133,296.8,267.6
P10060,Protein 61,4808.9,4564.4,6198.9,65.3,75.1,88.2
P10061,Protein 62,5942.6,8051.9,9614,2913.2,2655.1,1383
P10062,Protein 63,283.6,215.3,283.2,295.1,10648.6,9809.2
P10063,Protein 64,2842.1,3723.4,5688.6,194.8,673.3,302.1
P10064,Protein 65,1952.2,4589.6,6015.2,117,81.3,183.4
P10065,Protein 66,,,,,,
P10066,Protein 67,1314.1,1975.1,2216.3,394.2,725.2,1130.3
P10067,Protein 68,8527.6,8708.1,9510.1,8309.3,7644.3,7408.8
P10068,Protein 69,56.8,63.9,98,8.5,10.4,24.5
P10069,Protein 70,192,3090,10543.8,203.8,148.2,260.2
P10070,Protein 71,1696.2,2032.2,2661.2,4424.8,2727.8,4496.3
P10071,Protein 72,5756.7,7787.4,10784.6,2452.1,2167.8,2593.7
P10072,Protein 73,54.2,2002.3,6400.7,90.5,41.6,82.9
P10073,Protein 74,99.5,1739.3,7207.9,85.4,75.9,161.4
P10074,Protein 75,3196.3,3577.4,5041.5,85.2,113.2,107.2
P10075,Protein 76,2068.4,3490.4,4648.9,309.1,177,229.6
P10076,Protein 77,17672.8,18242.6,22678,360.3,229.2,180.4
P10077,Protein 78,10066.7,6864.1,8656.2,182.7,2206.6,199.3
P10078,Protein 79,1882.4,2734,3378.3,3985.8,21507.1,7769.5
P10079,Protein 80,2404.3,1302.9,2605.8,2455.4,1886.1,1922.9
P10080,Protein 81,9114,10935.2,13935.1,360.6,512.4,503.9
P10081,Protein 82,106.2,2383.9,9443.5,156.5,166.3,258.1
P10082,Protein 83,353.1,2331.4,6266.4,582.7,657.5,1227.4
P10083,Protein 84,189.8,1454,5627,293.2,526.4,441.2
P10084,Protein 85,36.1,633.3,1978,39.5,19.8,31.6
P10085,Protein 86,2103.9,562,859.8,1578.5,1690.9,1034
P10086,Protein 87,2978.7,3951.1,5587.8,648.8,1132.1,893.5
P10087,Protein 88,2890.8,4504.3,4610.7,115.7,79.4,690.9
P10088,Protein 89,556.2,593.7,689.3,1108,554.8,804.7
P10089,Protein 90,5001.9,4107.2,5785.4,367.2,456.7,491.6
P10090,Protein 91,2946.7,3189.9,4247.6,105.2,203.7,196.1
P10091,Protein 92,2180.1,2543.5,2841.4,809.6,1176.9,955.5
P10092,Protein 93,1490.6,2130.9,1829.8,130,56.9,75.7
P10093,Protein 94,753.7,48.7,127.4,67.5,24.7,4993.7
P10094,Protein 95,2951.8,2276.8,2451.7,267.2,803,171.8
P10095,Protein 96,3.5,7.2,11.5,6.4,14.7,318.4
P10096,Protein 97,308.4,5132,16093.3,300,266.3,353.8
P10097,Protein 98,182.9,6932.6,21018.8,222.3,158.6,301.3
P10098,Protein 99,2319.5,2930.4,3044.4,573.6,687.9,409.1
P10099,Protein 100,9530.9,11200.5,12915.5,3067.7,6509.7,842.1
P10100,Protein 101,553,642.9,830.5,1660.6,11044,5506.3
P10101,Protein 102,2373.6,3196.7,3739.7,538.2,555.2,476.6
P10102,Protein 103,4036.9,3851.9,4351.4,537.3,1089.7,158.1
P10103,Protein 104,1070.9,1834.9,2341.3,1239.2,66.4,90.3
P10104,Protein 105,5448,5961.3,9612.8,197.9,411.3,288.7
P10105,Protein 106,6419.7,6673.1,9237.1,148.1,181.7,272.8
P10106,Protein 107,89.9,357,2162.8,40.6,40.9,64.1
P10107,Protein 108,522.5,537.3,727.3,4915.1,3827.6,6522.9
P10108,Protein 109,2504.9,2969.9,4689.5,1082.5,1158.8,992
P10109,Protein 110,1863.9,2586.4,3366,2309,10014.2,2259.5
P10110,Protein 111,2178.2,2782.9,3736.6,427,378,321
P10111,Protein 112,1640.8,2207.3,2376.1,572.8,1004.7,664.1
P10112,Protein 113,3358.9,1533.6,2319,1678.2,1665.3,2084.6
P10113,Protein 114,10504,11000,12046.9,349.9,1635.9,274.4
P10114,Protein 115,2118.4,2151.3,2577.2,1098.6,3737.9,1138.2
P10115,Protein 116,2351.6,856.3,1348.8,1488.1,2138.5,1592.1
P10116,Protein 117,4869.6,6522.6,8284.9,352.6,239.1,207.9
P10117,Protein 118,1639.2,1532.7,1757.6,641.7,2190.4,1010.8
P10118,Protein 119,552.4,678.8,1806.4,338.4,533.2,803.6
P10119,Protein 120,2547.9,2831.9,3507.8,250.1,482.5,104.3
P10120,Protein 121,1180.1,1223.6,1430.2,1272.1,1819.9,1610.4
P10121,Protein 122,3289.1,2425.2,3341,600.3,823.7,610.9
P10122,Protein 123,762.9,968,1485.1,583.7,811.9,622.2
P10123,Protein 124,28.9,912.3,3283.2,37.2,21.5,38.6
P10124,Protein 125,208.3,145.6,274,5759.9,1033,13658
P10125,Protein 126,1869.1,1927.4,2676.6,177.8,369.3,490.5
P10126,Protein 127,1730.9,1631.5,2166.1,147.3,167.8,227.9
P10127,Protein 128,5739.2,6474.6,6848.5,2009,3190.9,170.6
P10128,Protein 129,2501.6,3188.5,4001.8,1100.3,1164,1049.1
P10129,Protein 130,6979.6,8729.5,9650.5,1819.1,9802.9,3426.9
P10130,Protein 131,3164.9,3876.4,4281.5,1499.6,827.5,756
P10131,Protein 132,6470.1,7436.1,8349.5,824,1116.3,982.5
P10132,Protein 133,1024.3,1247.5,1462.8,325.3,512.4,435.7
P10133,Protein 134,1403.8,1595.8,2915.3,809.4,1014.1,1309
P10134,Protein 135,126.5,935,3076.1,136.4,164.5,207
P10135,Protein 136,194.8,223.6,368.7,923.7,433,315
P10136,Protein 137,2695.3,2713.9,4054.8,147.3,211.2,160.2
P10137,Protein 138,2233.2,1494,6050.6,2122.3,1163.9,1540.1
P10138,Protein 139,119.3,165.7,187.4,44,79,63.7
P10139,Protein 140,1011.3,1391.5,1668.8,10.6,14.3,12.6
P10140,Protein 141,2012.9,3117.5,3420.9,458.9,751,522.8
P10141,Protein 142,952,991.4,1116.5,1046.1,980.7,951.6
P10142,Protein 143,2081.5,2181,2326.2,181.4,353.9,255.3
P10143,Protein 144,1120.9,1520.1,1980.4,1471.3,5562.4,366.9
P10144,Protein 145,4290.8,4442,6093,122.6,150.7,214.2
P10145,Protein 146,3714.9,1745.2,1145.6,1082.7,1058.7,3455.1
P10146,Protein 147,5006.1,2903.5,8328.2,4055.8,2458.1,2704
P10147,Protein 148,209.2,131.7,257.6,286,169.5,169.2
P10148,Protein 149,578.7,426.8,506.7,1494.6,1161,4965.2
P10149,Protein 150,704,728.3,803.9,239.3,536.1,384.5
P10150,Protein 151,1779.2,2252.5,3016.4,771.6,1249.1,1035.2
P10151,Protein 152,2092.1,2499.4,3018.7,616.9,1011.3,714.4
P10152,Protein 153,167.8,86.7,164.1,62.6,46.1,8261.9
P10153,Protein 154,1245.7,1598.3,2337.5,48.4,81.3,54.6
P10154,Protein 155,972.6,1123.8,1985.2,296.9,366,488.7
P10155,Protein 156,907.7,1136.3,1500,957.9,630.4,1090.7
P10156,Protein 157,4089.6,2452,2970.9,233.7,842.2,461.9
P10157,Protein 158,4966,6515.5,8106.6,412.2,470.8,344.4
P10158,Protein 159,1974.4,2633.9,2794.6,207.4,483.8,226.6
P10159,Protein 160,1726.9,1874.7,2385.1,463.8,796.1,748.4
P10160,Protein 161,603.8,635.3,945.6,1286.2,273,856.9
P10161,Protein 162,596.9,589.4,944.5,1287.9,654.9,1945.1
P10162,Protein 163,101.9,1156.7,3649.9,138.7,82,133
P10163,Protein 164,5095.8,5314.4,6764.4,2572,4406.8,3639.2
P10164,Protein 165,684.9,545.4,624.3,607.7,926.5,677.1
P10165,Protein 166,5619.9,7646.9,10067,92.8,99.2,62.9
P10166,Protein 167,2763.2,3206.5,3812.6,83.9,43.7,53.6
P10167,Protein 168,792.9,684,1288,673.9,329.6,255.9
P10168,Protein 169,1600.8,2710.5,3619.1,82.3,123.1,97.4
P10169,Protein 170,963.7,1428.7,1900.2,324.1,995.6,558.7
P10170,Protein 171,4455.7,5273.9,6663.8,730.8,657.6,142.6
P10171,Protein 172,2438,2536.4,2908.8,225.9,456.8,237.4
P10172,Protein 173,628.2,781.4,2137.4,280.4,342.1,625.3
P10173,Protein 174,2427.3,2393.5,2475.8,282.1,720.3,273.1
P10174,Protein 175,495.2,510.2,637.6,477.9,744.7,654.3
P10175,Protein 176,1807,2380.8,2761.9,351.2,424.8,637.5
P10176,Protein 177,2525.8,3501.8,4123.2,1395.5,1710.8,1354.5
P10177,Protein 178,2539,3189.6,3843.1,266.6,382.9,290.5
P10178,Protein 179,94,78.4,79.5,195.4,157.6,652.9
P10179,Protein 180,667.8,613.2,615.2,863.4,3479.2,561.7
P10180,Protein 181,1735.7,1843.1,2221.8,39.8,81.7,30.4
P10181,Protein 182,827.7,765.4,1816.7,557.7,429.3,918.1
P10182,Protein 183,1895.7,1797.4,2004.6,214.5,2128.4,1214.3
P10183,Protein 184,2794.4,3884.4,4449.9,1257.9,994,628.3
P10184,Protein 185,521.7,508.8,814.8,1428.5,1044.2,1533.3
P10185,Protein 186,867.4,949.1,1246,2023.1,2261.5,4346.6
P10186,Protein 187,6472.9,5026.1,7213.1,77.2,1205.1,65.3
P10187,Protein 188,1675.6,2311.2,2405,175,313.2,258.3
P10188,Protein 189,4290.7,4281.6,5708.7,109.2,206,165
P10189,Protein 190,411.4,573.2,645.4,76.6,87.7,77.1
P10190,Protein 191,1411.7,1420.2,1829.6,114.8,154.3,122.8
P10191,Protein 192,2998.6,3522.2,3919,584.5,1959.4,483
P10192,Protein 193,4454.1,5425.6,6482.4,863.3,1755.7,670
P10193,Protein 194,1838.3,2266.9,2626,705.3,374.1,349.3
P10194,Protein 195,2889.6,3078.7,3641.6,428.1,643.9,469.6
P10195,Protein 196,1952.8,1731.5,2222.5,140.5,305.9,171.2
P10196,Protein 197,1782.3,2414.9,2377.4,262.6,818.7,152.4
P10197,Protein 198,194,275.4,581.9,384.1,300.3,590.7
P10198,Protein 199,5491.3,7763,11251.4,570.9,895.7,331.3
P10199,Protein 200,,,,,,
P10200,Protein 201,832.2,1331.6,1687.5,256.1,349.8,382.2
P10201,Protein 202,2863,2295.9,2438.6,175.4,613.2,82
P10202,Protein 203,1339.8,992.5,1429,115.2,77.5,48.5
P10203,Protein 204,7183.1,8184.1,10897.4,202.7,1051,129.7
P10204,Protein 205,2460,3153.3,4473.6,4777.1,5195.9,6399.7
P10205,Protein 206,1070.5,1008.1,1779.8,456.7,623.6,893.1
P10206,Protein 207,1061.9,1254.7,1628.8,344.2,337.1,373.2
P10207,Protein 208,337.2,382.7,1141.3,775.3,800.8,1369.6
P10208,Protein 209,341.5,436.7,569.9,4048,5884.8,1466.8
P10209,Protein 210,5325.1,5468.1,8179.2,87.2,68.7,119.5
P10210,Protein 211,3133.4,3432.1,4309.9,65.1,45.7,49.6
P10211,Protein 212,199,227.9,554.1,83.3,103.6,202.9
P10212,Protein 213,1171.9,587.3,1980.9,1216.1,1273.5,1542.1
P10213,Protein 214,547,370.6,940.2,997.1,623.2,2044.7
P10214,Protein 215,2198.5,2483.8,5873.5,292.2,340.9,756.8
P10215,Protein 216,1229.8,1225.1,1292.7,1214,571.4,583
P10216,Protein 217,4309.9,6387.4,8969,269.3,380.4,350
P10217,Protein 218,4336.1,3550.5,4811.3,2617.6,1556.4,945.9
P10218,Protein 219,833.3,890.9,1246,74.8,73.5,28.9
P10219,Protein 220,,,,,,
P10220,Protein 221,637.5,607.4,810.1,1116.3,770.3,660.9
P10221,Protein 222,226.1,1020.6,3159.2,195.7,228.7,284.6
P10222,Protein 223,644.2,668.6,873.2,657.6,693.2,622.1
P10223,Protein 224,226.1,258.3,351.7,264.1,254.2,265.2
P10224,Protein 225,1198,2714.5,2538.9,131.2,347.3,245.6
P10225,Protein 226,919.6,1080.1,1321.3,101.3,94.4,78.4
P10226,Protein 227,3814.9,6340.6,6266.2,1249.8,846.2,270.5
P10227,Protein 228,59.3,200,53.6,108.3,2.8,8.9
P10228,Protein 229,1092.1,1615.4,2037.5,56.6,110.2,24.5
P10229,Protein 230,2387,2105.9,2396.5,2027.4,2419.4,1963.6
P10230,Protein 231,9122.7,8605.8,11512.9,142.2,226.4,97.3
P10231,Protein 232,276.9,380.8,1016.1,306.5,374.9,448.1
P10232,Protein 233,1258.4,1212.4,1302.1,1061.6,992.3,991.9
P10233,Protein 234,896,1030.6,1469.5,431.2,563.7,403.8
P10234,Protein 235,668,964.9,994.9,91.2,157.5,100.9
P10235,Protein 236,1858.8,1452.4,2141.6,88.3,287.9,117.5
P10236,Protein 237,95.7,819.9,2057.1,172.1,1080.1,857.4
P10237,Protein 238,803.9,665.2,767.4,588.3,1376.7,479.3
P10238,Protein 239,3080.8,3421.2,3664.7,2494.1,2518.6,2066
P10239,Protein 240,4055,4282.4,5116.3,462.3,808.9,129.8
P10240,Protein 241,462.5,567.1,797.6,178.3,239.7,304.6
P10241,Protein 242,330.4,361.3,510.9,150.4,147.9,129.3
P10242,Protein 243,263.4,361.7,1244.5,353.7,375.8,635.3
P10243,Protein 244,158.6,468,719.1,124.7,89,144
P10244,Protein 245,749.5,347.2,695.1,1747.7,869.6,3137.1
P10245,Protein 246,1607,2077.9,2997.3,80.9,157.1,134.1
P10246,Protein 247,1092.1,1062.4,1255.1,218.7,378.6,351.3
P10247,Protein 248,2043.3,1862.8,2079.3,1861.7,2747.4,2497.5
P10248,Protein 249,452.6,520.5,668.3,571.5,634.4,659.1
P10249,Protein 250,707.9,860.4,861.3,10.7,16.6,
P10250,Protein 251,640.9,783.4,964,207.2,306.8,257.1
P10251,Protein 252,1597,814.4,1469.1,1874.9,1006.3,929.3
P10252,Protein 253,179.2,201,441.8,446.1,257.7,787.2
P10253,Protein 254,9.7,7.4,27,11,31.1,26.5
P10254,Protein 255,7291.9,7815.6,10322.1,165.5,229.4,186.2
P10255,Protein 256,246.6,284.1,352.9,196.6,1423.4,2421.6
P10256,Protein 257,2277,3287.4,3524.9,270.1,2516,160
P10257,Protein 258,2125.8,2068.5,2832.8,609.2,895.9,735.2
P10258,Protein 259,608.5,739.5,1014.4,196.2,247.5,229.8
P10259,Protein 260,881.9,237.8,662.1,436.7,300.4,375
P10260,Protein 261,604.7,740.3,848,46.3,91.8,71.9
P10261,Protein 262,3227.7,2451,3402,37,28.4,26.7
P10262,Protein 263,336.9,379.9,608.1,748.1,534.5,529.7
P10263,Protein 264,1642,1700.1,1865.8,1791.3,1987.1,1676.4
P10264,Protein 265,489.3,512.2,656.7,396.5,345.6,290.5
P10265,Protein 266,663,1843.8,1929.3,81,91.5,86.1
P10266,Protein 267,372.5,377.7,427.4,423.4,551,467
P10267,Protein 268,2117.2,2262.2,4388.7,288.1,271.9,662
P10268,Protein 269,696.4,858.1,1184.4,174.1,211.2,180.7
P10269,Protein 270,503.9,605.8,792.2,230.4,350.8,260.6
P10270,Protein 271,1123.8,1411,1837.1,435.2,627.9,680.5
P10271,Protein 272,487,710.4,892.8,174.8,186.8,147.8
P10272,Protein 273,2907.9,2926.5,4280,1648.2,2134,581.8
P10273,Protein 274,225.7,530.2,1549.7,110.4,311.8,292.3
P10274,Protein 275,372.7,470.3,979.4,268.4,392.7,437.1
P10275,Protein 276,800.7,1060.3,1451.8,295.6,523.2,429.7
P10276,Protein 277,1552,1856.5,3264.2,65.2,86.5,73.3
P10277,Protein 278,1600.6,1056.4,1988.1,77.2,76.5,89.9
P10278,Protein 279,138,158.6,184.1,2151.7,769.2,2666.1
P10279,Protein 280,1212.1,939,1367,404.1,591.6,472.1
P10280,Protein 281,728,876.1,1705.6,299.2,345.3,463.7
P10281,Protein 282,719.6,1098.1,1267.9,604.9,315.7,368.4
P10282,Protein 283,216.2,309.2,410.5,77.3,97.4,83.8
P10283,Protein 284,71.9,489.3,1227.1,230.8,174.9,406.6
P10284,Protein 285,1746.9,1784.1,2236.8,40.8,27.6,42.6
P10285,Protein 286,370.8,452.8,675.1,153.2,194.6,352.1
P10286,Protein 287,498.7,681.7,1063.7,204.8,242.8,233
P10287,Protein 288,563.5,696.2,1202.7,232.2,351.7,294.4
P10288,Protein 289,425.6,314.7,405.6,53.6,428.2,698.7
P10289,Protein 290,400.7,376.5,520.5,67.9,96.4,83
P10290,Protein 291,5736.7,7126.9,10283.7,243.8,179.1,186.1
P10291,Protein 292,1399.3,1696.2,2187.3,525.2,695.9,378.7
P10292,Protein 293,2404.9,1743.8,2303.6,31.7,48,36
P10293,Protein 294,49.9,158.9,101.1,2197.9,831,1931
P10294,Protein 295,364.6,389.4,395.3,215.2,447.8,743.9
P10295,Protein 296,1251.1,869.3,1075.6,12.9,20.3,16.1
P10296,Protein 297,361.9,522.1,1080.7,241.7,379.2,449.7
P10297,Protein 298,607.9,1020.3,1218.6,25.1,35.9,44.2
P10298,Protein 299,403.8,449.9,1594.4,623.9,433.1,1307.4
P10299,Protein 300,495.9,533.7,592.7,485.2,448.2,424.7
P10300,Protein 301,1461.5,1511.2,1715.6,205.5,124.7,166.7
P10301,Protein 302,710.6,688.8,797.5,210.4,270.8,230.4
P10302,Protein 303,244.1,478.2,2047.5,353.7,326.8,320.8
P10303,Protein 304,650.2,736.8,780.7,356.8,436.2,253.3
P10304,Protein 305,395.3,322.1,454.3,3.3,19.6,8.5
P10305,Protein 306,683.7,1024.9,1282,132.6,109.5,122.2
P10306,Protein 307,780.5,975.4,1480.5,255.1,275.2,347.9
P10307,Protein 308,834.5,536.4,876.1,139.4,112.5,280.2
P10308,Protein 309,1070,1406.2,1720.2,263.7,341.7,303.5
P10309,Protein 310,877.1,1314.3,1413.2,68.1,88.4,96.3
P10310,Protein 311,147.1,165,553.2,133.7,103,357.5
P10311,Protein 312,1546.8,1586,1801.9,55.2,58.1,56.4
P10312,Protein 313,484.5,443.8,815.4,10.7,9.3,16.2
P10313,Protein 314,498.1,768.4,1050.5,202,200.5,300.8
P10314,Protein 315,763.5,1123.1,887.4,48.3,111.3,88.6
P10315,Protein 316,317.2,340.3,386.9,394.9,482.3,443.1
P10316,Protein 317,1493.1,1433.5,1744.6,199.2,210.7,192.7
P10317,Protein 318,882.5,1028.2,1387.7,170.8,191.3,327.7
P10318,Protein 319,93.1,370.6,876.7,101.1,101,93.3
P10319,Protein 320,301.2,364.6,417.7,246.3,218.5,208.3
P10320,Protein 321,1542.8,1261,2100.5,45,45.1,44.1
P10321,Protein 322,2862.3,2915.4,3788,987,2499,200.7
P10322,Protein 323,232.7,471.5,643.5,317,101.6,401.6
P10323,Protein 324,558.9,443.2,568,216.8,797.3,526.4
P10324,Protein 325,301.6,313.4,707.4,153.3,133.4,201.4
P10325,Protein 326,1273.9,1145.7,1469.3,76.6,47.1,117.4
P10326,Protein 327,505,499.8,584.7,158.3,207.2,162.3
P10327,Protein 328,667,787.5,1198.3,324.1,464.4,553.3
P10328,Protein 329,480,395.1,484.5,372.7,429.2,428.6
P10329,Protein 330,571.5,587.2,670.2,1276.9,595.1,1400.1
P10330,Protein 331,260.9,287.9,642.8,787.1,369.9,871.5
P10331,Protein 332,428.5,693.4,882.8,130.7,214.5,420.8
P10332,Protein 333,1229.7,1755.1,2775.8,86.8,147.1,95.2
P10333,Protein 334,493.1,584,1321,295.5,226.4,448
P10334,Protein 335,1392.9,1757.5,2618.1,2607.9,1702.6,675.8
P10335,Protein 336,457.1,21.8,43.5,20.9,14.5,5843.1
P10336,Protein 337,726.1,1069,1316.2,603.9,442.5,508.1
P10337,Protein 338,47.4,42.7,53.9,72.5,30.2,22.4
P10338,Protein 339,737.5,628.2,1027,152.8,164.5,260.5
P10339,Protein 340,83.1,90.4,120.9,99.2,72.7,81.7
P10340,Protein 341,119.4,112.8,442.9,271.6,163.8,478
P10341,Protein 342,364.5,410.8,535.2,107.9,109.4,160
P10342,Protein 343,54,71.1,116.8,808.5,138.7,723.7
P10343,Protein 344,404.4,480.3,619.7,376.8,231.5,366.1
P10344,Protein 345,1088,1242.9,1260,195.9,447.2,230.2
P10345,Protein 346,1202.8,1465.9,1769.4,294.5,261.6,140.3
P10346,Protein 347,178.2,279.7,403.3,167.9,221.9,285.7
P10347,Protein 348,965.4,855.6,976.6,409.3,1509.7,1573.3
P10348,Protein 349,641.9,794.8,1046.6,224.7,494.5,311.9
P10349,Protein 350,1178.1,1311.2,1595.6,59.6,61.1,65.3
P10350,Protein 351,1924,1925.1,2210.6,1597.4,1849.8,1402.5
P10351,Protein 352,290.7,392.6,467.1,14.2,16.6,23.5
P10352,Protein 353,130.5,772.6,2401.6,119.4,106.9,129.6
P10353,Protein 354,552.2,616.9,929.5,125.4,40,99.3
P10354,Protein 355,60.9,67.8,109.1,50.6,80.8,54.6
P10355,Protein 356,155.2,129.2,254,17.4,10.4,59
P10356,Protein 357,841.5,1234.7,1174.8,1340,1162.8,778.4
P10357,Protein 358,799.9,767.7,1672.6,451.7,507.2,1171.1
P10358,Protein 359,325.3,321.8,560.7,14.7,11.6,10.4
P10359,Protein 360,127.8,179.5,193.2,45.3,52,43.8
P10360,Protein 361,787.3,872.7,870.2,67.6,254.5,77.7
P10361,Protein 362,770.3,975.5,1460.3,643.3,3801.6,195.8
P10362,Protein 363,793.2,853,1218.7,821.6,743.6,689.3
P10363,Protein 364,20.6,31.7,18.5,37.2,4.3,
P10364,Protein 365,2737.9,2917.2,4161.8,1737.6,313.7,359.2
P10365,Protein 366,285.5,382.7,472.6,160.4,153.3,171.1
P10366,Protein 367,907.2,1073.9,1220.2,1164.2,1646.9,1080.8
P10367,Protein 368,1155.8,1548.8,2074.9,594.4,234.7,519.5
P10368,Protein 369,254.1,567,482.5,131.5,416.1,152.7
P10369,Protein 370,29.9,29.5,31.8,15.5,10.8,18.8
P10370,Protein 371,561,523.2,594.8,495.4,540.1,439.3
P10371,Protein 372,1327,1555.1,2205.3,1457,1132.6,1395.3
P10372,Protein 373,681,550.8,915.8,191.7,173.1,205.9
P10373,Protein 374,512.2,645.1,1039.7,662.7,766.1,867.6
P10374,Protein 375,344.2,524.2,729.8,256.2,205.9,301.5
P10375,Protein 376,177.1,167.3,224.5,683.8,133.1,243.9
P10376,Protein 377,138.2,603.5,2058.1,59.7,56,59.6
P10377,Protein 378,771.1,757,854.9,797.5,812.7,751.6
P10378,Protein 379,672.6,712.6,992,657.8,2258.8,815.9
P10379,Protein 380,342.7,356.2,482.3,41.6,70.3,65.9
P10380,Protein 381,688.2,895.9,1143.2,272,403.9,340.1
P10381,Protein 382,474.2,442.2,511.7,30.4,46,52.5
P10382,Protein 383,345.5,450.7,864.7,123.8,261,264.7
P10383,Protein 384,3452.9,3953.2,4774.9,723.4,269.5,98.5
P10384,Protein 385,1119.8,1309.8,1595,824.2,744,640.9
P10385,Protein 386,209.3,237.6,794.3,479.1,336.3,1053.6
P10386,Protein 387,383.7,402,468.4,150.5,114.5,126.4
P10387,Protein 388,263.4,259.3,330.1,17.6,38.8,22.5
P10388,Protein 389,1018.6,1174.1,2672.3,453.9,433.9,663.6
P10389,Protein 390,239.3,220,234.8,180.9,195.9,191.2
P10390,Protein 391,559.3,654.6,1272.3,377.2,556,696.5
P10391,Protein 392,1004.5,492.2,2073.3,774.4,420,516.4
P10392,Protein 393,62.8,77.5,114.2,297,966.8,1735.4
P10393,Protein 394,477.5,473.4,517,448.3,440.2,388.3
P10394,Protein 395,252.1,333.1,444.1,47.2,126.1,102
P10395,Protein 396,314,515.9,599.9,223.1,185.6,189.5
P10396,Protein 397,107,101.2,174.2,42.8,17.6,63.1
P10397,Protein 398,177,255,273.5,75.2,58.1,43
P10398,Protein 399,277.5,269.6,780.6,634.8,368.7,1488.1
P10399,Protein 400,252.6,302.1,419.1,102,82.5,68.2
P10400,Protein 401,166.3,177.5,232.6,132.8,117.1,437
P10401,Protein 402,499.3,589.1,898.4,208.7,391.1,321.2
P10402,Protein 403,333.4,348.1,367.3,306.1,296.2,289.4
P10403,Protein 404,1453.4,1388.3,1538,1166.4,1211.9,973.9
P10404,Protein 405,821.2,843.6,880.3,226,1254.8,675.4
P10405,Protein 406,273.7,383,473.1,260.9,242.6,193
P10406,Protein 407,58,72.7,99.6,147.6,186.4,216.8
P10407,Protein 408,276.8,348,605.7,83.8,111.7,123.1
P10408,Protein 409,820.3,907.2,1135.5,191.3,249.3,208.6
P10409,Protein 410,394,389.1,502.9,49.3,50.7,66
P10410,Protein 411,247.8,282.2,376.6,82.3,112.1,128.9
P10411,Protein 412,1773.2,954.8,868.8,623.4,443.1,1044.8
P10412,Protein 413,194.6,203.2,218.7,174.7,167.2,171.2
P10413,Protein 414,450.3,636.8,669.9,128.6,203.5,204.9
P10414,Protein 415,129.3,153.3,251,189,257.4,270.9
P10415,Protein 416,3732.2,4210.8,4595.6,276.9,1516.6,317
P10416,Protein 417,1212.8,1166,1433.1,43.3,75.3,42.8
P10417,Protein 418,88,73.5,91.7,2.6,5.8,4.3
P10418,Protein 419,103.9,108.8,100.5,92.2,88.7,81.5
P10419,Protein 420,33.5,264.6,936,41.3,40.6,49.2
P10420,Protein 421,946.3,696.4,878.6,342.8,158.8,135
P10421,Protein 422,198.6,186.7,293.2,125.2,97.9,137.3
P10422,Protein 423,542.8,524.5,562,492.7,475.9,410.4
P10423,Protein 424,100.5,173.9,256.8,80.1,116.9,80.3
P10424,Protein 425,538.5,434.9,679,17.2,44.3,15.5
P10425,Protein 426,640.3,607.4,1611,506.9,374.3,833.2
P10426,Protein 427,240.6,308.9,329.4,73.5,99,96.5
P10427,Protein 428,355.6,265.9,527.9,698.8,401.2,1208.1
P10428,Protein 429,21.4,17.3,19.4,125.8,568.5,852.3
P10429,Protein 430,437.6,642.7,794.6,281.4,201.6,221.8
P10430,Protein 431,446.2,469,680.8,811.8,345.8,552.3
P10431,Protein 432,,,,,,
P10432,Protein 433,247.1,299.9,366.2,186.6,232.6,226.5
P10433,Protein 434,16.2,28.6,51.7,22.8,11.6,42.8
P10434,Protein 435,199.6,189.3,213.4,221.3,271.9,246.2
P10435,Protein 436,365.2,471.7,561,32.7,67.6,49.1
P10436,Protein 437,285.5,217.2,863.1,286.7,166.1,212.8
P10437,Protein 438,387.7,386.3,584.8,170.1,223.6,203.9
P10438,Protein 439,450.6,507.5,506.1,66.5,1047.4,258.2
P10439,Protein 440,356.9,636.1,2025,72.4,72.5,163.7
P10440,Protein 441,211.3,200.7,218,179.6,187.4,155.3
P10441,Protein 442,236.4,292.5,348.8,492.4,127.2,132.4
P10442,Protein 443,219.3,145.2,178,39.2,56,109.7
P10443,Protein 444,716.1,647.8,723.8,59.9,65.7,71.3
P10444,Protein 445,864.4,894.7,946,771,745.8,693.5
P10445,Protein 446,338.2,387.2,485,216.9,210.2,199.3
P10446,Protein 447,386.9,388.6,424.1,46.8,74.9,107.7
P10447,Protein 448,240.3,278.4,344.1,329.4,413.5,305.9
P10448,Protein 449,362.7,495.7,921.6,197.1,157.6,340.4
P10449,Protein 450,,,,,,
P10450,Protein 451,653.6,627,690,89.1,111.1,102.8
P10451,Protein 452,4.5,78.3,10.9,12.4,7.6,8.2
P10452,Protein 453,90.5,120.9,171.3,28.6,31.1,42
P10453,Protein 454,748.8,467.3,748.1,255.6,318.4,718.3
P10454,Protein 455,239.1,412.5,553.4,2.6,2.6,
P10455,Protein 456,545.1,559.6,854.2,87.8,156.1,154.9
P10456,Protein 457,211.7,242.8,380.5,94.1,130.1,142.5
P10457,Protein 458,211.6,160,291.2,1746.4,528.9,1654.3
P10458,Protein 459,92.3,100.4,120.9,47,50.1,44.6
P10459,Protein 460,782.6,1070.4,1136.2,205.2,157,186.5
P10460,Protein 461,226.1,250.5,310.5,27.3,32.3,43.2
P10461,Protein 462,576.3,421.1,532.1,124.1,158.2,208.6
P10462,Protein 463,1024.9,722.4,824.1,26.4,15.9,13.1
P10463,Protein 464,468.7,437,929.8,17.4,17.9,21
P10464,Protein 465,230.6,409.9,467.7,143.9,136.6,127.2
P10465,Protein 466,266.6,350.8,431.3,112,221.1,166.5
P10466,Protein 467,367.2,661,859,12.6,66.6,28.7
P10467,Protein 468,153,178.2,266.4,53.5,42.4,49.1
P10468,Protein 469,196.3,112.4,356.8,45,40.7,151.3
P10469,Protein 470,318.5,299.4,361.8,4,41,4.9
P10470,Protein 471,64.2,78.9,105,37.6,61.8,54.8
P10471,Protein 472,338.8,372,637.1,156.8,206.8,273.5
P10472,Protein 473,3698.3,3875.6,4877.5,28.5,24.2,23.2
P10473,Protein 474,439.6,600.7,653.2,269.8,186.2,352.7
P10474,Protein 475,746.6,538,771.9,2.7,2.5,11.7
P10475,Protein 476,,58.5,153.4,2.6,,
P10476,Protein 477,267.7,330,578.7,23.9,22.7,21.3
P10477,Protein 478,365.9,528.4,685.7,243.8,160.6,137.3
P10478,Protein 479,140.2,151.5,161.8,135.1,131.4,138.9
P10479,Protein 480,231.9,248.1,267.4,90.7,97.2,89.1
P10480,Protein 481,309.8,357.4,521.2,14.3,22.9,31.8
P10481,Protein 482,641.1,718,993.7,36.9,180.3,62.7
P10482,Protein 483,188.5,301,332.2,80.9,71,86.6
P10483,Protein 484,335.2,306.1,391.5,386.4,369.6,866.7
P10484,Protein 485,623.1,968.6,987.4,10.6,24.6,24
P10485,Protein 486,118.8,93.1,118.2,103.4,100.1,111
P10486,Protein 487,313.6,483.6,665.2,302.9,260.3,331.6
P10487,Protein 488,1209.3,906.7,1004.9,507.4,240.2,227.7
P10488,Protein 489,165.4,910.4,2782.8,147.9,162.2,228.6
P10489,Protein 490,622.5,554,613,828.5,302.9,226.3
P10490,Protein 491,878.1,989.5,1182.4,223,281.1,349.7
P10491,Protein 492,,,,,,
P10492,Protein 493,1236.3,1353.9,2024.5,55.6,63.1,95.2
P10493,Protein 494,3988.3,3415.6,5922.8,41.6,30.2,35.6
P10494,Protein 495,633.4,824.1,1015.4,112.1,227.6,152.1
P10495,Protein 496,476,617.7,799.8,34.8,75.9,26.3
P10496,Protein 497,957.8,1853.4,2539.4,64.9,60,116.4
P10497,Protein 498,62.4,116.5,317.7,97.1,70,215.7
P10498,Protein 499,12.1,6.2,10.5,722.6,2120,1376.7
P10499,Protein 500,27.1,37.3,56.5,37.6,28.8,55.1
P10500,Protein 501,183,216.5,278.4,5.5,16.7,17.6
P10501,Protein 502,152,218.7,354.6,68.4,136.4,129.8
P10502,Protein 503,834.7,991.1,1302.1,495.9,520.1,423.4
P10503,Protein 504,230.8,217.1,458,146.3,110.9,187.2
P10504,Protein 505,3176.7,3520.8,3870.2,78.3,257.8,43.3
P10505,Protein 506,488.8,620.4,851.8,121.9,357.9,215.4
P10506,Protein 507,524.9,320.6,487,98.8,469,182.1
P10507,Protein 508,340.8,529.8,706,268.1,314.3,332.4
P10508,Protein 509,12.9,24,30.6,20.6,19.7,21.3
P10509,Protein 510,743.2,686.4,755.2,625.1,568.1,543.7
P10510,Protein 511,1158,1089.1,1231,89.6,85.4,70.6
P10511,Protein 512,302.8,540.2,582.9,143.6,137.4,253.8
P10512,Protein 513,369.2,488.9,657.4,135.7,112.2,126.5
P10513,Protein 514,222.4,334.4,476.2,127.7,156.9,187.9
P10514,Protein 515,266.4,305.5,374.6,323.8,238.1,278.6
P10515,Protein 516,332.1,554.4,688.3,227.3,266.1,216.4
P10516,Protein 517,179.7,244.2,333.1,51.2,74.7,64.3
P10517,Protein 518,161.8,196.3,186.6,220.3,416.6,266.9
P10518,Protein 519,185.7,189.7,652.4,110.1,96.3,154
P10519,Protein 520,425.1,509.4,666,76.6,240.6,161.7
P10520,Protein 521,96.5,140,274,57.2,37,79.3
P10521,Protein 522,309.3,431.1,958.6,1020,1215.9,215.7
P10522,Protein 523,261.4,245,444.6,74.6,66.6,136.9
P10523,Protein 524,378.8,371.4,625.7,357.8,453.1,483.6
P10524,Protein 525,471.3,1239.5,1016.6,20.9,74.2,49.2
P10525,Protein 526,159.4,168.2,233.4,70.9,55.8,112.9
P10526,Protein 527,569.4,754.7,913.2,156.1,198.1,161.1
P10527,Protein 528,178.7,287.3,357.2,138.5,191.1,147.8
P10528,Protein 529,342.8,316.8,370.8,34,95.5,67.7
P10529,Protein 530,27.1,39.4,58.7,11.7,8.6,10
P10530,Protein 531,343.3,360.3,436.5,12.9,7.6,11.9
P10531,Protein 532,248.5,138.7,317.3,261.9,183.1,155.8
P10532,Protein 533,154.7,146.2,182.7,104.9,107.5,159.8
P10533,Protein 534,853.2,881.2,1481.7,330.6,483.4,519
P10534,Protein 535,269.8,256.7,799,218.5,229.3,294.7
P10535,Protein 536,376.9,241,275.7,1214,826.7,3451.7
P10536,Protein 537,286.4,405.6,491.1,200.9,229,291.5
P10537,Protein 538,356.5,342,381.5,324.4,308,304.5
P10538,Protein 539,506.7,495,516,432.7,385.6,353.5
P10539,Protein 540,215.1,258.3,398.4,2.1,2.7,3.3
P10540,Protein 541,124.3,159.5,211.4,195.1,108.2,141.1
P10541,Protein 542,110.1,118.6,130.8,53.7,109.2,146.8
P10542,Protein 543,174.8,283.9,349,69.7,84.5,76.3
P10543,Protein 544,181,334.8,373.9,10.8,17,6.7
P10544,Protein 545,451.7,466.1,566,3.3,2.6,
P10545,Protein 546,417.1,358.9,469,220.6,598.3,209.1
P10546,Protein 547,136.4,82,96.6,87.5,87.5,73.1
P10547,Protein 548,8.6,11,76.8,4.3,2.2,4.3
P10548,Protein 549,203.4,265.8,342.6,257.1,210.3,295.5
P10549,Protein 550,304.7,212.8,310.7,41.6,37.6,51.4
P10550,Protein 551,170.7,183.7,227.5,155.3,180.9,276
P10551,Protein 552,672.5,944.8,1031.2,446.3,327.4,326.8
P10552,Protein 553,162.3,165.4,309.2,17.4,24.1,26
P10553,Protein 554,104,72,211,128.5,75.6,202.3
P10554,Protein 555,235.3,285.2,360.2,254.5,313,246.9
P10555,Protein 556,130.8,174.8,189.1,34.5,34.4,33
P10556,Protein 557,231.6,155.8,182.2,1538.6,872.2,4613
P10557,Protein 558,25.6,42.6,49.6,10.6,11.2,9
P10558,Protein 559,51.5,78.9,119.5,61,52.4,58.8
P10559,Protein 560,186.8,270,547.7,202.4,273.6,312.1
P10560,Protein 561,186.2,178.5,266.6,204.5,244.4,263
P10561,Protein 562,233.6,127.4,321.9,570,332.5,1365
P10562,Protein 563,94.5,146.6,175,74.2,72.4,75.4
P10563,Protein 564,144.2,193.1,262.9,50.5,126,125.6
P10564,Protein 565,122.4,138.8,194.8,54.4,145.3,148
P10565,Protein 566,214.5,291,329.2,134.1,228.1,219.1
P10566,Protein 567,1139.9,449.8,802.1,19.4,35.5,117
P10567,Protein 568,86.9,111.2,163.9,15,16.1,10.1
P10568,Protein 569,690.5,509.6,718.1,57.7,45.5,65.9
P10569,Protein 570,336.5,341,509.7,13.5,19.5,102.2
P10570,Protein 571,128.4,160.3,204,73.8,105.9,111.5
P10571,Protein 572,77.1,76.9,80.8,368.4,212.8,755.5
P10572,Protein 573,126.1,610.7,263.5,169.7,2720.7,324.2
P10573,Protein 574,582.8,472.9,535.4,34.9,25.6,34.7
P10574,Protein 575,488.8,648.4,1846.9,874.1,530.7,1301.2
P10575,Protein 576,10.4,364.8,730.1,18.6,17.9,21.5
P10576,Protein 577,711.1,624.9,953.7,17.9,104.9,16
P10577,Protein 578,569.1,592.8,883.5,292.2,552.9,474
P10578,Protein 579,1130.8,1247.6,1692.1,585.4,828,970.8
P10579,Protein 580,96.1,134.2,207.6,50.2,64.9,60.6
P10580,Protein 581,,,,,,
P10581,Protein 582,354.8,530.9,595.6,304.1,330.8,323
P10582,Protein 583,348.6,141.4,199.9,169.2,141.5,148
P10583,Protein 584,374.1,529,676.7,328.3,471.9,406.9
P10584,Protein 585,78.4,83,100.7,936.5,487.9,1101.6
P10585,Protein 586,116.8,100.5,341,120.5,90.4,158.1
P10586,Protein 587,150.9,169.5,372.6,181.2,144.6,425.8
P10587,Protein 588,170.2,242.8,288.5,86.1,106.9,104.6
P10588,Protein 589,312.3,407,367.1,36,1193.6,79.5
P10589,Protein 590,232.6,346.5,436.6,34,34.4,51.3
P10590,Protein 591,122.6,121.4,165,151.2,44.6,96.5
P10591,Protein 592,74.7,101.2,249.5,155.6,114.7,258.3
P10592,Protein 593,745.1,789.1,1091.3,13.9,3.4,27.1
P10593,Protein 594,107.1,134.4,277.4,90.5,120,168.9
P10594,Protein 595,320.5,383.3,559.5,106.9,53.6,52.4
P10595,Protein 596,80.9,106.7,141.2,24.8,52.6,28.2
P10596,Protein 597,113.6,142.5,247,88.1,66.5,68.6
P10597,Protein 598,730.7,654.3,746.6,593.6,529.3,498.3
P10598,Protein 599,248.8,405.4,456.8,92.8,43.4,52.2
P10599,Protein 600,395.1,1124.3,1137.4,58.8,101.7,54.6
P10600,Protein 601,396.6,373.2,528,68.7,207.2,91.7
P10601,Protein 602,99.8,128.6,412.5,69.5,89.6,151.7
P10602,Protein 603,846.7,627.8,993.6,33.7,64.1,55.2
P10603,Protein 604,110.8,108.7,260,396.6,440.4,926.9
P10604,Protein 605,62.5,79.8,91.1,16.1,35.9,29.4
P10605,Protein 606,179.2,214.6,180.7,163.3,414.9,353.9
P10606,Protein 607,272.8,265.1,332.7,44.4,47.5,45.9
P10607,Protein 608,78.5,92.4,106.4,24,46.1,36.4
P10608,Protein 609,13.2,11.1,22.4,12.9,6.4,392.1
P10609,Protein 610,135.9,140.8,161.2,53.1,73.7,77
P10610,Protein 611,115.1,129.1,137.7,239.1,293.9,464.2
P10611,Protein 612,393.6,492,602.9,173.4,193.6,159.4
P10612,Protein 613,721.6,814.9,997.1,494.7,401.5,375.3
P10613,Protein 614,433.4,309.6,352.7,431.9,117.7,563.7
P10614,Protein 615,338.7,456.7,473.3,32.1,285.5,58.5
P10615,Protein 616,405.2,436.1,636.1,98.9,147.7,168.5
P10616,Protein 617,286.6,235.7,366,36.2,15.1,44.7
P10617,Protein 618,39.1,68.4,89.3,186.6,107.3,95.4
P10618,Protein 619,1464.5,780.7,736.4,264.9,111.4,360.1
P10619,Protein 620,140.9,141.6,206.3,123.2,130.2,97.9
P10620,Protein 621,251.6,205.8,265,74.5,47.2,109.7
P10621,Protein 622,405.5,433.5,537.3,55,63.3,56.7
P10622,Protein 623,59.1,101.6,253.3,110.3,71.6,107.5
P10623,Protein 624,623.4,1091.2,1549.2,347.6,996.8,126.3
P10624,Protein 625,158.2,172.1,228.3,62.1,43.1,61.8
P10625,Protein 626,34.6,41.9,50.9,505.2,140.3,498.3
P10626,Protein 627,196.5,186,281,70.1,73.8,72.6
P10627,Protein 628,268.4,352.8,542.1,195.7,58.2,155.8
P10628,Protein 629,68.1,93,174.2,81.1,31.5,89.6
P10629,Protein 630,84.4,44.1,99.6,91.7,59.7,182.4
P10630,Protein 631,16.2,34.9,66.6,75.8,50,77.8
P10631,Protein 632,202.3,188.4,213.7,39.8,18.5,23.8
P10632,Protein 633,97.9,82.4,197.3,66.8,48.6,123.9
P10633,Protein 634,64.9,80.6,124.4,20.2,41.2,31.2
P10634,Protein 635,19.5,56.4,277.3,31.8,104.1,56.2
P10635,Protein 636,106.6,131.5,211.3,103.3,122.9,160.6
P10636,Protein 637,177.2,174.5,282.4,90,69.2,99.2
P10637,Protein 638,638.3,33,41.6,5.3,7.9,7.8
P10638,Protein 639,291.9,261.9,361,4.6,43.7,6.4
P10639,Protein 640,21.3,27.4,57.3,28.1,14.8,55.9
P10640,Protein 641,150.8,193.5,275.7,66,42.6,53.4
P10641,Protein 642,1210.3,802.5,1347.3,51,98.3,57
P10642,Protein 643,151.5,176.3,204,43.8,74.3,54.9
P10643,Protein 644,69.8,88.2,174.6,180.6,236.3,265.4
P10644,Protein 645,158.6,155.3,318.9,137.7,148.6,461.5
P10645,Protein 646,,,,,,
P10646,Protein 647,563.7,233.4,1017.2,398.6,253.2,440
P10647,Protein 648,393.5,429.6,612.6,140.4,224.8,204.3
P10648,Protein 649,212,285,343.3,160.1,171,122.6
P10649,Protein 650,51,45.2,109,33.1,37.3,81.1
P10650,Protein 651,148.4,54.1,342.9,115.5,60,104.2
P10651,Protein 652,342.9,450.6,512.5,41.9,57.6,75.9
P10652,Protein 653,253.5,200.2,131.7,174.9,44.6,158
P10653,Protein 654,227.5,249.9,948.2,152.6,191.1,396.1
P10654,Protein 655,229.1,382.3,645,25.2,41.9,36.2
P10655,Protein 656,87.2,86.2,120.8,149.1,231.7,198.2
P10656,Protein 657,112.3,782.3,2447.6,100.1,155.9,145.1
P10657,Protein 658,577.1,765.6,886.3,91.6,112.3,95.9
P10658,Protein 659,768.3,603.9,786.7,145.2,51.2,47.1
P10659,Protein 660,373.5,504,682.7,161,196.6,213.5
P10660,Protein 661,956.6,572.6,1523.1,1167.3,692.6,747.3
P10661,Protein 662,100.1,109.9,143.1,45.7,44.1,27
P10662,Protein 663,72.8,92.2,152.6,86.7,146.5,111.9
P10663,Protein 664,190.5,175.5,232.5,12.3,27.8,28.7
P10664,Protein 665,237.6,387.3,478.4,89.1,134.9,92
P10665,Protein 666,50.4,39.7,73.8,163.4,133,773.3
P10666,Protein 667,516.8,659.6,807.4,64.8,46.3,58.5
P10667,Protein 668,873.6,651,983.9,150.4,415.4,178.6
P10668,Protein 669,559,787.7,960.7,225,201.4,131.7
P10669,Protein 670,99.9,120,213.3,69.7,53.6,87.1
P10670,Protein 671,305.1,398.2,493.1,137.6,81.4,56.7
P10671,Protein 672,208,196.8,202.1,6.8,7.1,4.8
P10672,Protein 673,190.7,249.1,660.7,59.1,53.4,86.2
P10673,Protein 674,127.1,226.4,269.5,,8.4,3.8
P10674,Protein 675,40.7,38.8,87.5,42,40,63.9
P10675,Protein 676,206.2,206,230.4,187.8,171.7,163.3
P10676,Protein 677,90.2,133.7,130.6,76.1,113.5,162.9
P10677,Protein 678,408.7,434.9,537.7,122.5,113.1,138.1
P10678,Protein 679,236.3,252.4,247,58.7,58.3,53.2
P10679,Protein 680,179.6,295.4,631.4,84,110.4,160.3
P10680,Protein 681,12.8,19.6,49.1,70.5,41.3,103.5
P10681,Protein 682,102.3,132,182.1,49.2,62,87.7
P10682,Protein 683,111.8,226.4,463.6,90.9,74.4,85.2
P10683,Protein 684,59.4,94.1,202,38.8,36.4,61.6
P10684,Protein 685,208.9,228.5,250.4,8.5,11.5,12.9
P10685,Protein 686,98.6,57.4,273.4,102,63.5,99.6
P10686,Protein 687,33.6,27.4,55.3,313.2,68.2,237.1
P10687,Protein 688,87.8,130.7,228.2,72.4,120.8,71.1
P10688,Protein 689,102.8,43.8,52.8,41.4,66.2,42.2
P10689,Protein 690,7.5,10,11.1,49,35.6,20.1
P10690,Protein 691,293.5,391.7,440.3,63,45.7,32.9
P10691,Protein 692,228.2,186.8,270.7,36.5,69.3,79.2
P10692,Protein 693,40.6,34.2,39.6,4.8,2.9,6.1
P10693,Protein 694,56,44.7,66.7,251.8,262.1,1350.1
P10694,Protein 695,642.7,762.4,1061.7,471.2,512.4,715.1
P10695,Protein 696,384.6,314.4,494.1,18.4,131.8,154.2
P10696,Protein 697,51.8,60.7,87,25.3,23.1,43.9
P10697,Protein 698,14.2,19.7,25.6,14.3,15.2,15.4
P10698,Protein 699,21.6,40,121.4,46.2,31.1,50.7
P10699,Protein 700,108.8,105.5,146.3,168.8,358.9,800.3
P10700,Protein 701,325.6,282.3,401.4,63.4,785.3,226.2
P10701,Protein 702,36.9,52.7,58.8,9.8,6,17.1
P10702,Protein 703,479,420.7,729.8,42.1,60.6,58.9
P10703,Protein 704,40,49.6,70.4,30.5,25,37.2
P10704,Protein 705,60,79.6,110.5,21.5,26,39.8
P10705,Protein 706,20.9,35.5,57.4,12.3,4.3,15.2
P10706,Protein 707,328.7,263.4,291.7,26.6,37.8,26.4
P10707,Protein 708,163.8,199.6,245.4,68.2,83,64
P10708,Protein 709,283.2,377.4,492.4,172,127,137.5
P10709,Protein 710,220.9,219.7,333.9,23.7,65.6,35.9
P10710,Protein 711,239,304.2,382.1,81.1,111.3,88.7
P10711,Protein 712,240.3,335.8,362.2,351.2,286.5,179.2
P10712,Protein 713,484.1,350.6,545.3,4.8,15.8,11.7
P10713,Protein 714,505.6,283.6,666.3,119.2,156.5,391.2
P10714,Protein 715,113.1,158.8,182.3,36.7,40.2,47
P10715,Protein 716,1253.2,951.9,1761.6,79.3,71,82.8
P10716,Protein 717,496.1,441.6,654.7,453,3368.5,1379.1
P10717,Protein 718,65.7,119.7,159.7,49.8,35.8,38.8
P10718,Protein 719,82.7,435.3,1125.9,56.7,54.7,64.4
P10719,Protein 720,,,,,,
P10720,Protein 721,547.1,513.5,606.8,135.3,282.6,187.5
P10721,Protein 722,,,,,,
P10722,Protein 723,32.3,27.1,28.6,17.8,15,17.9
P10723,Protein 724,,,,,,
P10724,Protein 725,224.1,274.4,380.1,63,30.2,72.3
P10725,Protein 726,15.8,38.2,110.9,57.9,40.9,32
P10726,Protein 727,59.7,73.2,112.9,245.3,771.5,2476.7
P10727,Protein 728,82.2,44.9,88.6,59.1,50.5,410.4
P10728,Protein 729,64.8,43.4,98.2,202.7,76.7,142.9
P10729,Protein 730,51.4,40.2,79.4,39.7,37.4,48.8
P10730,Protein 731,161.9,196.3,199.2,137.8,229.2,279.5
P10731,Protein 732,134.6,154.7,195.7,31.2,20.5,82.1
P10732,Protein 733,,,,,,
P10733,Protein 734,138.7,141,213.9,55.3,29,56.7
P10734,Protein 735,114.3,133.9,195.4,32.9,58,31.2
P10735,Protein 736,181.7,125.2,162,10.2,12.8,15.5
P10736,Protein 737,15.5,15.9,37,103.6,43.1,92.8
P10737,Protein 738,52.5,44.1,53.8,72,71.4,88.9
P10738,Protein 739,147.9,100.2,384.7,188.7,86.9,271.2
P10739,Protein 740,5.8,5.6,6.7,55.5,37.5,88.1
P10740,Protein 741,228.6,238.2,522.4,825.4,1593.9,2555.8
P10741,Protein 742,,,,,,
P10742,Protein 743,300.5,280,310.9,236.2,269.1,215.4
P10743,Protein 744,295.7,339.4,416.1,166.2,207.6,174.6
P10744,Protein 745,,,,,,
P10745,Protein 746,498.8,666.9,918.7,446.6,483.9,463.7
P10746,Protein 747,14.1,18.4,16.2,19.9,20.2,18.2
P10747,Protein 748,214.8,199,294.2,11,18.3,24.4
P10748,Protein 749,,,,,,
P10749,Protein 750,279,345.9,443,94.7,94.7,94.1
P10750,Protein 751,88.7,35.1,53.4,12.5,9.9,11.2
P10751,Protein 752,314.6,230.7,308.8,52.9,78.9,54.9
P10752,Protein 753,40.3,73.2,80.2,156.2,129.3,90.2
P10753,Protein 754,595.6,743.9,680.5,70,92.2,53.5
P10754,Protein 755,103.6,95.9,126.9,17.9,17.5,10.5
P10755,Protein 756,145.7,174.8,234.9,77.6,112.9,99.1
P10756,Protein 757,64.5,48.8,75.7,50.1,67.4,55.2
P10757,Protein 758,43.8,42.1,73.7,48.7,60.6,104.2
P10758,Protein 759,27.6,20.9,59.8,34.2,33.1,57.2
P10759,Protein 760,76.8,108.6,152.6,37.3,29.1,46.3
P10760,Protein 761,236.3,82.4,124.9,9.9,37.7,10.7
P10761,Protein 762,278.5,276.4,608.3,179.8,262.7,337.8
P10762,Protein 763,150,193.1,519,125.6,135.3,213.7
P10763,Protein 764,24.4,26.4,35.3,15.9,39.7,116.3
P10764,Protein 765,194.6,192.9,213.2,90.7,224.7,124.4
P10765,Protein 766,441.5,440,781.7,93.9,43.8,35
P10766,Protein 767,485.2,402.9,456,463,339.8,375.5
P10767,Protein 768,145.8,106.6,150.6,129.6,69.2,146.9
P10768,Protein 769,57.6,95.4,132.7,26.2,55.5,51.4
P10769,Protein 770,58.5,83.6,142.3,18.1,28.6,32.8
P10770,Protein 771,193.9,162.7,521.7,232.2,166.5,548
P10771,Protein 772,80.3,98.4,127.5,31.1,39.7,19.1
P10772,Protein 773,23.6,25.7,37,60.9,33.1,31.3
P10773,Protein 774,138,198.1,295.6,33.2,18.1,20.9
P10774,Protein 775,35.1,30.8,64.4,18,20.6,35.2
P10775,Protein 776,169.7,238.4,332.4,75.2,202.9,197.8
P10776,Protein 777,195,180.8,353.7,251.4,322.2,419.1
P10777,Protein 778,101.6,120.3,163.8,54.8,86.6,79.5
P10778,Protein 779,42.2,43.1,72.8,15.4,35.6,34.7
P10779,Protein 780,12.3,72.2,237,9,12.4,22
P10780,Protein 781,40.8,44.5,68.2,93.2,137,168.7
P10781,Protein 782,304.9,378.5,1362,622.2,407.1,1121.9
P10782,Protein 783,100.6,117.1,147.3,107.2,156.1,114.4
P10783,Protein 784,172.8,222.8,208.2,149.3,131.8,143.3
P10784,Protein 785,101.9,116,148.9,28.1,46.9,25.7
P10785,Protein 786,286,331.5,386.2,67.7,50.2,77.2
P10786,Protein 787,293.4,497.3,594.6,267.4,44.7,112.7
P10787,Protein 788,269.4,258.1,362.2,73.8,99.3,81
P10788,Protein 789,110,107.3,144.7,132.8,116.3,117.4
P10789,Protein 790,193,191,217.6,39.2,68.8,46.8
P10790,Protein 791,15.7,25.9,29.4,12.7,8.4,15.2
P10791,Protein 792,91.6,73.6,94.5,19,62.7,23.2
P10792,Protein 793,,,,,,
P10793,Protein 794,64.2,68.5,78.7,143.2,75.2,143.3
P10794,Protein 795,101,105.6,118,33.6,138.2,89.4
P10795,Protein 796,129.2,108.4,134.8,40,87,51
P10796,Protein 797,90.7,129.5,147.5,55.7,71.5,64.9
P10797,Protein 798,,,,,,
P10798,Protein 799,203.4,497.4,587.2,12.8,22.7,27.5
P10799,Protein 800,59.1,34.8,52.4,247.4,140.4,484.9
P10800,Protein 801,621,613.8,666.8,42.4,254.8,120.5
P10801,Protein 802,14.6,10.9,22.2,83.5,29.9,117.4
P10802,Protein 803,77.9,65.8,165.3,221,212.9,555.4
P10803,Protein 804,,,,,,
P10804,Protein 805,1066.8,1104.3,1567.1,41.8,75.3,53.5
P10805,Protein 806,323.1,622,797.1,10.5,11.6,16.3
P10806,Protein 807,134.4,78.8,192.9,90,98.6,108.2
P10807,Protein 808,87.1,117.7,152.8,10.2,24.9,19.2
P10808,Protein 809,102.4,126.3,138.5,66.6,185.2,91.4
P10809,Protein 810,17.9,40.4,195.5,22.5,11.3,26
P10810,Protein 811,108.6,165.6,195.9,26.4,28.4,48.1
P10811,Protein 812,401.2,423.9,542.7,27,114.5,69.6
P10812,Protein 813,42.6,62.9,141.3,11.7,17.5,21.7
P10813,Protein 814,140.7,176.2,201.7,12.3,19.5,14.5
P10814,Protein 815,6.4,345.5,4.4,16.3,3.8,5.8
P10815,Protein 816,308.9,526.7,585.3,62.6,95.7,104.9
P10816,Protein 817,44.8,42.3,51.8,68.5,54.5,320.6
P10817,Protein 818,,,,,,
P10818,Protein 819,266.8,214.6,297.7,137.5,150.2,132.5
P10819,Protein 820,245.5,217.5,387.3,35.8,31,43
P10820,Protein 821,27.1,24.2,29.1,100.2,545.2,1229.9
P10821,Protein 822,432,452.6,444.4,16.9,243,98
P10822,Protein 823,114.4,157,215.5,47.2,130.1,52.1
P10823,Protein 824,25.6,27.5,63.6,21.7,6.4,20.5
P10824,Protein 825,70.4,183.9,192.5,35.6,265.9,43.6
P10825,Protein 826,,,,,,
P10826,Protein 827,702.7,768.4,1247.2,32,19.8,11.8
P10827,Protein 828,153.7,87.4,101.9,220.3,887.2,623.3
P10828,Protein 829,42.2,43.7,81.6,29,99.1,152.2
P10829,Protein 830,65.4,97.2,111.9,61.9,13,47.6
P10830,Protein 831,108.9,110.1,124.7,75.2,67.1,116.4
P10831,Protein 832,62.2,105.2,256.8,67,59.2,159
P10832,Protein 833,169.2,188.1,237.4,155.6,183.2,183.5
P10833,Protein 834,50.5,74,89.5,11.7,24.4,14.1
P10834,Protein 835,154,175.2,221.4,121,241.4,202.4
P10835,Protein 836,26.3,25.2,37.6,65.6,15.9,34.8
P10836,Protein 837,192.8,198.3,251.5,305.4,284.1,320.6
P10837,Protein 838,42.2,42.5,41.2,670.2,308.2,401.1
P10838,Protein 839,81.6,82.6,139.1,54.1,27.1,60.4
P10839,Protein 840,281.8,320.9,432.5,28.2,44.7,33.4
P10840,Protein 841,417,357.3,562,62.5,77.8,32.3
P10841,Protein 842,186.9,254.8,320.2,72.1,99.7,94.1
P10842,Protein 843,99.7,104.6,117.4,134.8,119.8,120.6
P10843,Protein 844,126.9,352.3,727.1,96.7,86.6,213.4
P10844,Protein 845,62.9,126.4,228.9,39.8,69.8,48.8
P10845,Protein 846,117.9,153.7,165.3,26.3,25.3,18.5
P10846,Protein 847,86.3,86.3,84.5,24.6,32.8,27.7
P10847,Protein 848,208.9,317.9,336,161,208.4,175.3
P10848,Protein 849,66.1,61.3,84.9,29.7,10.9,18.2
P10849,Protein 850,606.4,726.6,1042.6,137.9,57.6,140.8
P10850,Protein 851,15.1,43.2,129.4,30.4,15.7,24.2
P10851,Protein 852,33.9,47.1,56.3,4.9,25.2,10
P10852,Protein 853,88.2,89.6,100.2,3.3,,
P10853,Protein 854,54.6,107.3,137.4,26.3,47.4,56.9
P10854,Protein 855,11.8,10.2,13.3,6.1,262.1,31
P10855,Protein 856,86.4,127.6,125,81,85.2,88.4
P10856,Protein 857,160.8,151.1,184.1,119.4,124.7,112.7
P10857,Protein 858,75,108.6,105.9,5.4,6.2,9.9
P10858,Protein 859,156.8,230.1,406.7,15.6,38.8,21
P10859,Protein 860,172,192.4,283.7,85.7,83.8,92.7
P10860,Protein 861,134.6,71,201.8,67,58.8,136.3
P10861,Protein 862,663.7,550,723.2,15.9,51.3,34.3
P10862,Protein 863,374,391.8,442.9,128.8,170.2,142.2
P10863,Protein 864,112,207.8,300.6,36.9,54.1,56.3
P10864,Protein 865,79.3,99.1,90.2,43.4,41.2,14.8
P10865,Protein 866,87.6,156.8,185.2,43.5,85.5,105.4
P10866,Protein 867,88.1,68.1,79.7,78.3,84,66.1
P10867,Protein 868,167.3,233.3,264.5,36.1,57.4,34.9
P10868,Protein 869,161.7,175.5,202.7,32.1,41,32.1
P10869,Protein 870,311.6,317.8,543.4,21.1,20.8,17.4
P10870,Protein 871,42.4,55.1,66.5,,,6.8
P10871,Protein 872,194.3,223.7,321.3,96.7,90.9,142.3
P10872,Protein 873,93.6,115,136.9,35.7,54.8,58.6
P10873,Protein 874,22,29.3,29.1,17,14.6,16.9
P10874,Protein 875,466.5,578.2,792.1,32.7,148,70.8
P10875,Protein 876,69.3,67,160.6,203.5,89.8,268.3
P10876,Protein 877,93.2,100.5,88.5,15.6,14.9,20.7
P10877,Protein 878,82.2,78.9,90.2,81.5,70.3,69
P10878,Protein 879,125.5,144.9,172.2,105.9,66.4,61.2
P10879,Protein 880,7.2,4.5,11.7,553.8,105.8,250
P10880,Protein 881,56.3,110.4,132.2,16.8,14.2,79
P10881,Protein 882,139.3,200.8,375.8,54,67.6,122.4
P10882,Protein 883,127.4,168.9,331.9,69.1,75.8,128.6
P10883,Protein 884,18.3,18.3,21.5,41.4,81.7,73.2
P10884,Protein 885,162.3,201.7,262.3,60.8,68,61.9
P10885,Protein 886,33.4,41.2,68.3,31.8,65.1,57.1
P10886,Protein 887,150.3,269.8,275.4,41.9,30.7,33.9
P10887,Protein 888,29.1,53.9,57.1,4.7,20.2,11
P10888,Protein 889,187.2,234,492.6,158.8,109.7,321.9
P10889,Protein 890,220.8,216.8,253.9,232.8,256.8,235.9
P10890,Protein 891,390.2,552.8,749.3,256.8,209.7,232.4
P10891,Protein 892,107.6,102.7,133.8,131.5,85.4,94.3
P10892,Protein 893,72,65.8,246.6,88.3,53.9,146.4
P10893,Protein 894,9.2,6,19,23.3,91.5,375.4
P10894,Protein 895,121.5,198.9,167.7,54.3,39.6,82.7
P10895,Protein 896,128.8,120.1,242.7,89.8,53.3,108
P10896,Protein 897,57.8,94.6,115.5,2.2,16,7.8
P10897,Protein 898,272.9,367.7,466.7,250.7,216.2,313.1
P10898,Protein 899,398.2,357.2,742.7,389.5,239.7,427.6
P10899,Protein 900,211.6,566.7,434.8,31.2,25.5,38.6
P10900,Protein 901,74,144.6,145.9,2.5,4.1,
P10901,Protein 902,125.4,84.9,310.1,53.2,60.8,155.2
P10902,Protein 903,301.1,209.7,334.3,186.2,180.3,183.2
P10903,Protein 904,191.6,166.2,204.5,94.6,122.2,117.6
P10904,Protein 905,170.6,138.3,179.5,26.3,35.6,56.6
P10905,Protein 906,528.8,702.1,972.7,309.1,342.7,418.6
P10906,Protein 907,77.3,119.4,235,65.7,79.3,108.1
P10907,Protein 908,244.8,287.5,470.2,159.3,140.1,141.9
P10908,Protein 909,45.8,81.4,85.4,10.3,15.6,15.7
P10909,Protein 910,217.6,134.9,332.6,552.3,184.8,1228.5
P10910,Protein 911,87.3,128.5,218.7,75.7,109.3,98.1
P10911,Protein 912,18.2,79.6,661.3,22.6,23.2,42.6
P10912,Protein 913,315.6,451.9,501.1,43.7,35.9,27.5
P10913,Protein 914,51.6,42.7,64.1,80,123,125.8
P10914,Protein 915,118.4,209.1,179.3,27.3,89.7,84.7
P10915,Protein 916,8,10.9,27.5,6,178.9,150.5
P10916,Protein 917,250.5,212.9,272.3,6.1,3.7,7.8
P10917,Protein 918,,,,,,
P10918,Protein 919,127.9,128.5,144,198.6,316.7,284.6
P10919,Protein 920,89.7,116.4,134.6,110.2,157,495.6
P10920,Protein 921,15.6,15.5,25.6,34.2,8.2,13.6
P10921,Protein 922,128.1,149,163.8,135.8,117,110.1
P10922,Protein 923,56.5,51.4,113.5,17.9,10.6,22.5
P10923,Protein 924,22.4,23.1,31,11,13.9,13.7
P10924,Protein 925,,,,,,
P10925,Protein 926,180.4,144.9,186.9,32.3,51.7,47.9
P10926,Protein 927,197.1,331.9,552.2,312.8,221.3,247.6
P10927,Protein 928,116.1,122.2,141.7,9.6,13.6,16.7
P10928,Protein 929,36,38.3,49.1,18.2,24.3,18.8
P10929,Protein 930,37.2,39.3,94.1,59.7,18.8,74.9
P10930,Protein 931,75,79.5,76.6,70.6,70.6,60.8
P10931,Protein 932,1607.2,1685.9,2404.4,37.5,89.4,31.7
P10932,Protein 933,394.7,366.9,451.1,21.9,61.9,18.8
P10933,Protein 934,52.6,63.1,70.4,3.4,7.6,2.5
P10934,Protein 935,117.3,123.1,169.7,19.8,19.7,30.7
P10935,Protein 936,,,,,,
P10936,Protein 937,,,,,,
P10937,Protein 938,73.3,87.7,223.2,48.8,60.8,64.9
P10938,Protein 939,246.1,340.7,316,37.5,34.4,30.3
P10939,Protein 940,41.7,46.6,81.5,29.4,13,26.7
P10940,Protein 941,45.2,55.7,95.2,10.1,6.4,10.3
P10941,Protein 942,46.3,50.3,67.5,11.9,8,18.7
P10942,Protein 943,27.9,35.8,56.1,15,24,17.3
P10943,Protein 944,32.1,40.1,54.1,9.6,12.2,16.2
P10944,Protein 945,184.4,249.2,351.5,19,28.3,35.2
P10945,Protein 946,108.4,132,228.6,81.6,70.8,85.6
P10946,Protein 947,237.1,177.6,310.2,38.5,40.6,55
P10947,Protein 948,717.1,377.9,1385.1,641.4,564.7,678.1
P10948,Protein 949,286.5,258.4,272.3,85.8,97.9,28.5
P10949,Protein 950,24.1,23.5,32.3,,11.1,9.1
P10950,Protein 951,16.5,18.3,31.1,,4.1,49.6
P10951,Protein 952,178.4,200.2,183.8,47.2,142.4,139.6
P10952,Protein 953,29.5,37.3,111.4,145.4,107.9,257.1
P10953,Protein 954,326.2,164.8,372.6,14.4,21.5,20.8
P10954,Protein 955,59.2,65,89.4,32.7,43.9,37
P10955,Protein 956,60.3,90.2,102.3,33.5,47.7,47.3
P10956,Protein 957,324.8,391.4,393.6,72.2,146.4,83.3
P10957,Protein 958,164.8,190.9,254.6,188.4,216.2,455.2
P10958,Protein 959,32,25.6,54.2,147.5,121.1,161.4
P10959,Protein 960,35.2,42.8,73.4,7.7,17,15.1
P10960,Protein 961,92,125.9,174.4,24.1,19.7,24.3
P10961,Protein 962,98.6,128.4,158.4,33.6,35.1,24.4
P10962,Protein 963,31.3,32.1,94.7,4.8,,9.8
P10963,Protein 964,,,,,,
P10964,Protein 965,324.2,302.4,328.7,300.9,260.6,248.3
P10965,Protein 966,91,67.8,80.3,84.5,57.4,61.6
P10966,Protein 967,92,125.5,474.9,36.3,24.5,76.9
P10967,Protein 968,106.3,102.9,312.4,97.1,86.1,117.6
P10968,Protein 969,35.6,39,57.3,5.2,,
P10969,Protein 970,292,406.9,506.9,984.8,334.1,623
P10970,Protein 971,37.6,52.3,59.4,19.3,29.3,17.8
P10971,Protein 972,205.3,159.5,242.8,21.7,164.2,53.4
P10972,Protein 973,210.4,332.6,453,152,171.7,180.4
P10973,Protein 974,,,,,,
P10974,Protein 975,18.7,31.9,115.1,199,29.1,146.5
P10975,Protein 976,13.5,23.8,66.5,7.2,6.6,10.1
P10976,Protein 977,116.4,159.7,211.2,229.4,150.3,244
P10977,Protein 978,36.4,110.6,156.3,,,
P10978,Protein 979,112.3,136.1,180.7,109.7,143.2,197.2
P10979,Protein 980,152.3,183,236.4,21.9,52.1,34.9
P10980,Protein 981,113.1,131.5,293.2,104,122.6,396.1
P10981,Protein 982,116.4,204.9,550.7,74.9,75.8,70.3
P10982,Protein 983,117.2,196.8,250.5,24.9,21.8,24.9
P10983,Protein 984,,,,,,
P10984,Protein 985,97.9,121,404.6,125,67,131
P10985,Protein 986,360.1,307.8,406.7,56.7,93.2,79
P10986,Protein 987,210.5,203.5,231.1,18.6,57.6,42.2
P10987,Protein 988,147.2,99.1,130.8,10.9,23.4,12.2
P10988,Protein 989,119.2,136.3,251.5,64.2,307.1,256.6
P10989,Protein 990,242.7,279.4,417.1,397.8,311.6,351.1
P10990,Protein 991,26.8,25,58.8,48.2,23,32.6
P10991,Protein 992,,,,,,
P10992,Protein 993,,,,,,
P10993,Protein 994,31.8,37.6,67.2,17.8,25.7,27.8
P10994,Protein 995,69.4,59,73.9,55.3,50.9,50.5
P10995,Protein 996,145.2,162.8,220.5,33.8,36.7,42.9
P10996,Protein 997,32.8,48.3,131.1,78.4,42.2,149.2
P10997,Protein 998,21.7,34.5,86,21.2,25.2,36.9
P10998,Protein 999,49.8,64.5,151.2,30.4,48.4,65.7
P10999,Protein 1000,313.7,147,391.8,141.6,122.8,212.8
P11000,Protein 1001,106.2,156.9,295.7,13.4,15.2,34.9
P11001,Protein 1002,177.8,249,247.3,18.5,48,18.3
P11002,Protein 1003,,,,,,
P11003,Protein 1004,114.4,21.7,43.1,4.2,5.1,7.7
P11004,Protein 1005,,,,,,
P11005,Protein 1006,46.2,59.2,131.8,44.4,36.9,54.6
P11006,Protein 1007,126.7,191.2,241.8,55.1,52.2,46.1
P11007,Protein 1008,139.7,113.6,119.4,32.1,33.6,77.9
P11008,Protein 1009,57.3,74.1,80.9,62.7,81.7,66.1
P11009,Protein 1010,278.1,417.6,454.7,91,69.2,80.1
P11010,Protein 1011,,,,,,
P11011,Protein 1012,383.7,411.4,442.2,133,173.6,216.3
P11012,Protein 1013,,8.4,9.3,54.8,16.3,30.9
P11013,Protein 1014,,,,,,
P11014,Protein 1015,118,118.7,202,70.4,85,99.1
P11015,Protein 1016,45.7,50.8,66.6,4.5,13.7,6.4
P11016,Protein 1017,93.8,137.6,186,120.7,86.6,96.3
P11017,Protein 1018,,,,,,
P11018,Protein 1019,53.9,45.5,76.5,35.4,62.7,46.4
P11019,Protein 1020,61.3,85.1,149.1,,,
P11020,Protein 1021,,,,,,
P11021,Protein 1022,70.9,62.5,123.3,89.3,53.8,121.7
P11022,Protein 1023,39.9,34.9,57.3,4.1,5.2,7.2
P11023,Protein 1024,94.8,89.4,198.8,405.8,166.2,354.6
P11024,Protein 1025,,,,,,
P11025,Protein 1026,57.7,52.1,68.8,39.5,19.5,24.2
P11026,Protein 1027,76.9,100.9,119.9,16.2,23.8,13.4
P11027,Protein 1028,54.8,43.2,63.7,,14.6,5.8
P11028,Protein 1029,18.2,27.9,33.7,18.3,55.7,28
P11029,Protein 1030,41.5,39.3,72.8,6.2,17.3,12.5
P11030,Protein 1031,,,,,,
P11031,Protein 1032,103.7,158.3,169.9,9.3,35.9,11.5
P11032,Protein 1033,,,,,,
P11033,Protein 1034,66.1,81.1,75.8,22.9,56.7,16
P11034,Protein 1035,54.7,39.4,145.4,70.5,46.3,106.2
P11035,Protein 1036,36.7,36.8,71.7,52.8,42.7,98.7
P11036,Protein 1037,,,,,,
P11037,Protein 1038,44.3,50.5,72.1,67.7,80.7,64.5
P11038,Protein 1039,103.7,136.8,158.4,73.8,96.6,83.3
P11039,Protein 1040,223.1,295.8,365.1,15.8,11.1,17.1
P11040,Protein 1041,121.2,205.1,224.3,44.4,189.1,30
P11041,Protein 1042,42.4,44.1,74.4,39.9,22.3,29.4
P11042,Protein 1043,81.4,99.9,246.1,74.9,96.6,219.1
P11043,Protein 1044,224,283.7,624.7,78.3,122,155.1
P11044,Protein 1045,62.5,56.4,65.5,6.4,7.9,9.9
P11045,Protein 1046,138.2,203.1,209.7,110.3,182.6,125.1
P11046,Protein 1047,49.4,58,60,108,23.6,47.8
P11047,Protein 1048,26.4,34.8,43.9,7.4,8.7,11.2
P11048,Protein 1049,55.2,231.1,201.5,28.7,28.5,35
P11049,Protein 1050,263.7,377.8,503.8,18.5,43.8,15.6
P11050,Protein 1051,83.3,142.5,161.8,20.8,38.4,36.7
P11051,Protein 1052,353.5,337.8,435.8,33,145.5,36.4
P11052,Protein 1053,123.7,155.9,194.7,54.5,58.9,66.8
P11053,Protein 1054,173,194.3,333.4,4.6,6.3,8.1
P11054,Protein 1055,,,,,,
P11055,Protein 1056,76.8,69.9,125.6,5.1,7.8,7.4
P11056,Protein 1057,,,,,,
P11057,Protein 1058,24.6,55.3,60.8,2.3,22.3,5.6
P11058,Protein 1059,,,,,,
P11059,Protein 1060,28.6,20.8,37.6,142.1,81.7,160.1
P11060,Protein 1061,,,,,,
P11061,Protein 1062,104.9,125.1,277.1,92.2,120.9,173.1
P11062,Protein 1063,,,,,,
P11063,Protein 1064,126.9,173.8,501.4,108.3,70.5,286.9
P11064,Protein 1065,18.4,24.2,28.2,24.1,26.8,19
P11065,Protein 1066,83.2,91.7,172.3,78.9,61.7,88.4
P11066,Protein 1067,141.9,151.5,206.4,192.8,177,120.3
P11067,Protein 1068,,,,,,
P11068,Protein 1069,12,19.9,33.6,11.8,11.1,17.8
P11069,Protein 1070,,,,,,
P11070,Protein 1071,,,,,,
P11071,Protein 1072,104.6,123.4,173.7,167.6,66.6,57.1
P11072,Protein 1073,115.1,118.9,155.3,5.7,13.2,3.6
P11073,Protein 1074,38.3,33.8,52.8,6,6,6.1
P11074,Protein 1075,49.4,50.1,140.3,103.3,57.9,104
P11075,Protein 1076,90.3,95.3,120.7,14.8,130.7,31.2
P11076,Protein 1077,11,24.3,65.5,24.3,17.2,44.4
P11077,Protein 1078,86.3,93.7,112.8,121.5,124,161.9
P11078,Protein 1079,14.1,29.5,32.2,6.7,9.4,12.5
P11079,Protein 1080,,,,,,
P11080,Protein 1081,,,,,,
P11081,Protein 1082,,,,,,
P11082,Protein 1083,19.3,25.5,41.1,23.8,22.2,25.8
P11083,Protein 1084,17.1,10.8,37.1,44.5,55.5,47
P11084,Protein 1085,83.6,164.9,132.5,5.5,55,30.4
P11085,Protein 1086,,,,,,
P11086,Protein 1087,10.5,34.9,91.4,17.9,10,16.1
P11087,Protein 1088,58.2,73.5,119.4,19.2,21.6,30.2
P11088,Protein 1089,,,,,,
P11089,Protein 1090,121.2,135.7,248.1,27.5,31.8,48.7
P11090,Protein 1091,82.9,140.7,202.6,56.4,37.4,54.3
P11091,Protein 1092,245.8,138.9,327.2,4.1,4.5,6.4
P11092,Protein 1093,,,,,,
P11093,Protein 1094,,,,,,
P11094,Protein 1095,139.2,103.1,115,5.3,4.5,3.5
P11095,Protein 1096,12,17.7,15,25.5,51.9,21.6
P11096,Protein 1097,,,,,,
P11097,Protein 1098,86.9,81,201.4,69.8,67.7,128.9
P11098,Protein 1099,125.8,157.1,314.1,77,60.4,68.5
P11099,Protein 1100,,,,,,
P11100,Protein 1101,206.9,186.2,258.4,295.3,378.5,261.6
P11101,Protein 1102,27.4,30,52.2,8.6,18.3,26
P11102,Protein 1103,37.8,37.5,46.5,60.8,51.7,93.8
P11103,Protein 1104,105.1,99,106.9,91.8,82.4,92.5
P11104,Protein 1105,214.9,222.8,360.7,75.8,44.6,72.7
P11105,Protein 1106,,,,,,
P11106,Protein 1107,38.9,32.3,54.8,,,24
P11107,Protein 1108,,,,,,
P11108,Protein 1109,27.2,29.1,51.1,348.6,145.8,370
P11109,Protein 1110,150,176.2,240.2,15.1,24.9,14.7
P11110,Protein 1111,,,,,,
P11111,Protein 1112,41.7,26.4,49.7,17.9,17.3,28.2
P11112,Protein 1113,,,,,,
P11113,Protein 1114,192.6,178,200.2,4.7,24,6.1
P11114,Protein 1115,184.8,175.3,243.8,113.9,123.6,240.4
P11115,Protein 1116,31.2,31.2,34.8,28.6,15,16.9
P11116,Protein 1117,109,125.1,114.5,5.5,3.7,6
P11117,Protein 1118,66.5,58.9,155.5,63.5,46.8,145.5
P11118,Protein 1119,84.2,144,185.5,6.7,12.2,15.7
P11119,Protein 1120,44.6,62.2,69.8,4.7,14.1,7.3
P11120,Protein 1121,,,,,,
P11121,Protein 1122,27.8,27.1,33.6,11.9,23.9,17.4
P11122,Protein 1123,,,,,,
P11123,Protein 1124,8.2,12.4,19.6,46.5,26.1,39
P11124,Protein 1125,,,,,,
P11125,Protein 1126,62.1,78.4,123.2,32.5,30.2,39.8
P11126,Protein 1127,21.1,19.6,55.6,10.7,20.1,22.7
P11127,Protein 1128,20.4,38.9,53.9,27.9,39.3,41.6
P11128,Protein 1129,,,,,,
P11129,Protein 1130,30.8,26.8,50,18.2,17.9,27.5
P11130,Protein 1131,33,43.6,77,47.3,36,31
P11131,Protein 1132,233.2,233.3,419.5,139.7,89.8,113.3
P11132,Protein 1133,,,,,,
P11133,Protein 1134,,,,,,
P11134,Protein 1135,,,,,,
P11135,Protein 1136,19.7,21.3,48,12,8.7,23.7
P11136,Protein 1137,,,,,,
P11137,Protein 1138,,,,,,
P11138,Protein 1139,83.6,59.4,70.5,412.8,130.6,238.8
P11139,Protein 1140,58.6,107.1,70.7,12.9,14.8,18.8
P11140,Protein 1141,122.5,160.8,215.6,38.2,26.4,29.7
P11141,Protein 1142,31.5,38.1,43,5.6,6.9,12.1
P11142,Protein 1143,33.3,62.6,54.7,1.7,24.6,2.5
P11143,Protein 1144,76,71.6,150.5,21.7,18.8,48.5
P11144,Protein 1145,31.2,52.3,59.8,21.6,35.7,25.1
P11145,Protein 1146,18.6,30.7,18.9,24.3,5,12
P11146,Protein 1147,207.3,112.4,400.9,167.3,108.2,145
P11147,Protein 1148,280.5,220.4,247.5,498.9,509.2,733.2
P11148,Protein 1149,330.8,424.2,755.2,129.6,141.6,303.9
P11149,Protein 1150,,,,,,
P11150,Protein 1151,59.5,54.3,202.9,43.2,40.8,57.8
P11151,Protein 1152,,,,,,
P11152,Protein 1153,,,,,,
P11153,Protein 1154,,,,,,
P11154,Protein 1155,20.8,20.3,31.7,17.6,16.2,53.9
P11155,Protein 1156,40.4,48.6,39.7,7.6,11.5,10.4
P11156,Protein 1157,,,,,,
P11157,Protein 1158,77.5,61.2,180.7,63.7,54.5,76
P11158,Protein 1159,28.5,26.7,58.5,3,7.9,5.2
P11159,Protein 1160,,,,,,
P11160,Protein 1161,,,,,,
P11161,Protein 1162,225.3,241.1,288.1,13.2,39.3,19.5
P11162,Protein 1163,195.9,212.8,278.3,90.5,75,88.2
P11163,Protein 1164,53.2,25.4,44.4,2.8,2.4,
P11164,Protein 1165,17.3,18.5,23.1,11.9,17.9,16.8
P11165,Protein 1166,251.8,313.6,416.1,192.8,161.7,302.2
P11166,Protein 1167,26.4,32.5,42.6,9.2,11,9.2
P11167,Protein 1168,,,,,,
P11168,Protein 1169,29.5,22.4,38.1,13.2,21.4,14.1
P11169,Protein 1170,113.7,93.4,201.3,201.8,187.9,274.4
P11170,Protein 1171,38.2,31.7,28.5,5.7,33.3,20
P11171,Protein 1172,19.3,28.8,45.9,11.5,15.4,18.1
P11172,Protein 1173,,,,,,
P11173,Protein 1174,59.6,74.4,155.8,2.9,,
P11174,Protein 1175,159.1,167.6,167.4,161.5,201.1,184.2
P11175,Protein 1176,,,,,,
P11176,Protein 1177,,,,,,
P11177,Protein 1178,,,,,,
P11178,Protein 1179,,,3.6,7.2,60.3,62.2
P11179,Protein 1180,,,,,,
P11180,Protein 1181,298.9,186.8,393,9.2,13.4,9.2
P11181,Protein 1182,107.1,57.2,75.2,31.6,30.1,49.8
P11182,Protein 1183,319.3,283.2,380.4,48.9,28.4,51.2
P11183,Protein 1184,,,,,,
P11184,Protein 1185,,,,,,
P11185,Protein 1186,,,,,,
P11186,Protein 1187,17,18.1,47.2,217.7,31.3,79.7
P11187,Protein 1188,,,,,,
P11188,Protein 1189,52.1,49.4,87.4,29.7,27.4,40.7
P11189,Protein 1190,,,,,,
P11190,Protein 1191,,,,,,
P11191,Protein 1192,108.7,82.1,171.2,9.3,27.5,20.7
P11192,Protein 1193,200.6,184.2,275.5,103.7,68.9,97.5
P11193,Protein 1194,,,,,,
P11194,Protein 1195,,,,,,
P11195,Protein 1196,,,,,,
P11196,Protein 1197,231.2,182.2,394,56.9,43.1,90.1
P11197,Protein 1198,,,,,,
P11198,Protein 1199,116.5,134.2,183,211.9,178.3,227.7
P11199,Protein 1200,9.4,21.8,131.6,9.2,5.4,6.7
P11200,Protein 1201,59,88.4,114.5,4.9,1.8,10.3
P11201,Protein 1202,,,,,,
P11202,Protein 1203,13.8,21.4,36.6,19.1,29.3,32.2
P11203,Protein 1204,174.9,228.4,325.8,39.7,76,76.7
P11204,Protein 1205,,,,,,
P11205,Protein 1206,31.9,20.8,127.9,30,31.2,74
P11206,Protein 1207,100,275.9,435.6,138.1,26.5,392.3
P11207,Protein 1208,29.6,45.7,83.3,30.3,37.1,44.1
P11208,Protein 1209,,,,,,
P11209,Protein 1210,34,71.6,68.5,2.3,4.7,
P11210,Protein 1211,20.8,39.3,67.2,66.7,26.3,65.3
P11211,Protein 1212,522.4,549.5,768.7,108.7,123.3,199.8
P11212,Protein 1213,,,,,,
P11213,Protein 1214,117.9,104.8,133.8,146.4,108.2,92.2
P11214,Protein 1215,12,9.2,15.9,135.9,27.3,64.6
P11215,Protein 1216,55.8,65.7,125.2,60.4,52.4,92.9
P11216,Protein 1217,120.2,196.4,270.8,17.1,33.9,21.5
P11217,Protein 1218,12.4,10.7,29.4,30.9,24.9,80.3
P11218,Protein 1219,11.8,47.8,174.3,20.5,11,20.4
P11219,Protein 1220,,,,,,
P11220,Protein 1221,39.3,31.7,45.4,6.6,,5.6
P11221,Protein 1222,,,,,,
P11222,Protein 1223,,,,,,
P11223,Protein 1224,237.9,202.7,258,71.3,91.1,222.9
P11224,Protein 1225,144.5,31.8,43.4,38,90.5,99.1
P11225,Protein 1226,,,,,,
P11226,Protein 1227,72.6,81.1,147.3,39.2,48.1,145
P11227,Protein 1228,7.5,14.5,28.8,140.9,36.7,74.4
P11228,Protein 1229,,,,,,
P11229,Protein 1230,,,,,,
P11230,Protein 1231,80.2,106.6,165.8,14.7,21.2,44.7
P11231,Protein 1232,,,,,,
P11232,Protein 1233,142.2,186.8,260.6,57.4,29.7,76
P11233,Protein 1234,,,,,,
P11234,Protein 1235,,,,,,
P11235,Protein 1236,,,,,,
P11236,Protein 1237,,,,,,
P11237,Protein 1238,43.4,47.5,67.9,41,20.3,28.3
P11238,Protein 1239,36.5,37.5,52.2,64.2,61.2,42
P11239,Protein 1240,,,,,,
P11240,Protein 1241,10,59.9,210.5,4.3,3.2,7.8
P11241,Protein 1242,12.6,20.5,31.4,13.3,41.6,21.6
P11242,Protein 1243,24.8,20.1,229.5,41.1,53.4,119.8
P11243,Protein 1244,76.9,72.3,75.8,219.4,73.8,370.3
P11244,Protein 1245,17.3,31.3,39,7.8,7.8,10.7
P11245,Protein 1246,,,,,,
P11246,Protein 1247,27.6,22.1,70.9,14.7,16.6,22.9
P11247,Protein 1248,,,,,,
P11248,Protein 1249,,,,,,
P11249,Protein 1250,,,,,,
P11250,Protein 1251,,,,,,
P11251,Protein 1252,114,126.3,234.7,92.5,55.4,93
P11252,Protein 1253,,,,,,
P11253,Protein 1254,,,,,,
P11254,Protein 1255,,,,,,
P11255,Protein 1256,39.5,45.2,58.3,28.5,32.5,45.3
P11256,Protein 1257,231.4,221.2,455.7,183.1,197.8,346.1
P11257,Protein 1258,38.7,39.3,47.7,11.7,7.1,17.2
P11258,Protein 1259,78.9,62.5,205.8,55.8,56.9,73.6
P11259,Protein 1260,11.8,11.3,24.1,88.7,45.8,58.5
P11260,Protein 1261,12.4,48.7,327.6,5.8,6,4.6
P11261,Protein 1262,21.4,14.6,43.2,32.1,12.3,35.5
P11262,Protein 1263,,,,,,
P11263,Protein 1264,,,,,,
P11264,Protein 1265,,,,,,
P11265,Protein 1266,52.3,79.1,97.8,27.3,17.5,27.9
P11266,Protein 1267,28.2,38.3,44.1,6.2,5.7,8.3
P11267,Protein 1268,75.6,76.2,217.3,80.5,46.9,116.5
P11268,Protein 1269,,,,,,
P11269,Protein 1270,532.5,295.8,1645.3,391.3,289.2,437.3
P11270,Protein 1271,75.5,70.8,61.8,31.2,195.3,45.3
P11271,Protein 1272,,,,,,
P11272,Protein 1273,,,,,,
P11273,Protein 1274,52.4,98.3,181.3,36.4,57.4,61.8
P11274,Protein 1275,19.6,22.4,47,10.3,23.9,28.2
P11275,Protein 1276,22.3,27.1,113.2,17.4,8.3,17.4
P11276,Protein 1277,83.3,57.1,52,8.6,22.3,32.4
P11277,Protein 1278,27.6,18,66.9,33.2,23.8,41.4
P11278,Protein 1279,129.8,141.9,263.4,95.9,140.3,207.1
P11279,Protein 1280,,,,,,
P11280,Protein 1281,29.9,43.7,70.2,13.3,17.7,21.1
P11281,Protein 1282,40.8,56.6,81.5,24.9,16.1,28.4
P11282,Protein 1283,,,,,,
P11283,Protein 1284,253.5,264.4,296.1,215.7,242.2,197
P11284,Protein 1285,43,63.1,69.9,13.5,10.8,5.2
P11285,Protein 1286,,,,,,
P11286,Protein 1287,152.2,142.5,186.4,73.2,72.6,115.2
P11287,Protein 1288,79.2,97.6,119.9,8.2,10.3,9.7
P11288,Protein 1289,,,,,,
P11289,Protein 1290,644.4,623,688.7,562.9,525.2,487.2
P11290,Protein 1291,41.1,29.6,123.8,52,24.3,94.5
P11291,Protein 1292,14.7,14.9,46.6,12.5,10.8,28.1
P11292,Protein 1293,44.3,48.4,62.4,,4.2,5.3
P11293,Protein 1294,,,,,,
P11294,Protein 1295,220.1,316.9,369.5,298.6,260.2,370.7
P11295,Protein 1296,28.9,47.2,70.5,14.5,17.2,17
P11296,Protein 1297,,,,,,
P11297,Protein 1298,65.8,69.7,138.3,64.9,60.2,88.9
P11298,Protein 1299,,,,,,
P11299,Protein 1300,,,,,,
P11300,Protein 1301,25.4,33.7,39.6,4.4,6.6,2.8
P11301,Protein 1302,87.1,72.3,280.6,86.2,45,92.6
P11302,Protein 1303,,,,,,
P11303,Protein 1304,733.9,740.6,810.2,766.2,748.1,692.5
P11304,Protein 1305,63.3,72.3,88.4,26.8,37.6,27.4
P11305,Protein 1306,60.4,58.4,64.5,74.8,58.7,80.8
P11306,Protein 1307,16,21.8,44.3,7.4,7.7,19.7
P11307,Protein 1308,172.8,135.7,170.6,5.3,4.7,5.8
P11308,Protein 1309,,,,,,
P11309,Protein 1310,42.5,54,85.1,21.5,23.5,42.2
P11310,Protein 1311,33.7,34.1,50.3,13.7,14.2,22.5
P11311,Protein 1312,,,,,,
P11312,Protein 1313,63.4,34.5,55.1,29.8,47.7,45.1
P11313,Protein 1314,22.7,17.1,32.5,26.2,821.7,546
P11314,Protein 1315,96.7,124,275.7,279,91.9,282.7
P11315,Protein 1316,,,,,,
P11316,Protein 1317,,,,,,
P11317,Protein 1318,40.3,32.5,120.5,30.8,50.6,60.5
P11318,Protein 1319,124.4,238.8,288.8,223.9,483.9,152.1
P11319,Protein 1320,,,,,,
P11320,Protein 1321,,,,,,
P11321,Protein 1322,,,,,,
P11322,Protein 1323,,,,,,
P11323,Protein 1324,,,,,,
P11324,Protein 1325,29.8,57.2,81.9,38.3,27.9,38.3
P11325,Protein 1326,,,,,,
P11326,Protein 1327,35.7,41,63.4,7,15.8,14.6
P11327,Protein 1328,,,,,,
P11328,Protein 1329,,,,,,
P11329,Protein 1330,41.5,35,50.5,23.9,31.4,35.9
P11330,Protein 1331,61.2,98.8,105.2,24.3,61.5,54.4
P11331,Protein 1332,,,,,,
P11332,Protein 1333,24.3,29.9,37.6,3.8,7.9,4.9
P11333,Protein 1334,25.2,48.9,52.6,9,8.2,9.3
P11334,Protein 1335,88.2,126,136.3,53.9,79.9,89.1
P11335,Protein 1336,113.5,97.4,160.2,54.4,62.8,97.9
P11336,Protein 1337,51.9,49.9,157.9,42.1,45.8,144.5
P11337,Protein 1338,43.6,56.3,54.9,13.1,19.2,13
P11338,Protein 1339,,,,,,
P11339,Protein 1340,58.8,84.2,110.8,7.7,9.6,7.6
P11340,Protein 1341,,,,,,
P11341,Protein 1342,,,,,,
P11342,Protein 1343,,,,,,
P11343,Protein 1344,3.2,6.1,7.3,85.4,121.1,156.8
P11344,Protein 1345,79.3,55.2,91.7,19.6,35.2,30.2
P11345,Protein 1346,513.8,485.6,1174.1,356.5,323.4,708.7
P11346,Protein 1347,123.6,90.5,88.5,25.4,36.9,50
P11347,Protein 1348,,,,,,
P11348,Protein 1349,23.7,24.7,70.4,41.6,12.9,49.5
P11349,Protein 1350,31.8,22.1,25.1,36.9,64.9,66.9
P11350,Protein 1351,,,,,,
P11351,Protein 1352,75.2,105.6,108,8.9,16,17.3
P11352,Protein 1353,,,,,,
P11353,Protein 1354,198.7,177.1,169,180,131.6,137.4
P11354,Protein 1355,31.7,39.9,39.9,15.7,5.7,8.4
P11355,Protein 1356,19.3,21.9,49.9,22.5,13.3,35.8
P11356,Protein 1357,20.4,13.3,42.6,15.9,12.8,14.4
P11357,Protein 1358,25.2,13.7,18,32.3,69.7,10.8
P11358,Protein 1359,,,,,,
P11359,Protein 1360,88.6,65.7,117,16.7,15.9,18.1
P11360,Protein 1361,,,,,,
P11361,Protein 1362,,,,,,
P11362,Protein 1363,8.8,14.7,22.1,33.8,18.7,46.5
P11363,Protein 1364,,,,,,
P11364,Protein 1365,148,122.2,144.5,136.6,162.3,180.6
P11365,Protein 1366,29.2,19.7,28.9,14.6,14.9,11.8
P11366,Protein 1367,249.6,278.7,348.3,100.8,66.3,59.9
P11367,Protein 1368,,,,,,
P11368,Protein 1369,43.2,116.3,289.6,42.2,60.1,62.6
P11369,Protein 1370,32.3,54.8,174.2,29.6,28.2,52.8
P11370,Protein 1371,3.1,4,6.2,2.4,7.4,90
P11371,Protein 1372,39.2,2.7,4.3,3.9,,718.7
P11372,Protein 1373,172.1,133.9,229,27,25,37.8
P11373,Protein 1374,,,,,,
P11374,Protein 1375,147.8,155.9,182.3,71.8,22.3,20.4
P11375,Protein 1376,29.5,37.3,48.3,21.2,52.7,27.4
P11376,Protein 1377,38.5,37.6,46.8,17.9,20,24.7
P11377,Protein 1378,,,,,,
P11378,Protein 1379,200.3,151.4,238,,4.8,12.8
P11379,Protein 1380,66.9,81.2,93.7,38,12.6,84.2
P11380,Protein 1381,161.3,106.2,312.4,157.1,100.1,349.4
P11381,Protein 1382,,,,,,
P11382,Protein 1383,15.9,43.3,37,13.6,13.6,12.7
P11383,Protein 1384,,,,,,
P11384,Protein 1385,29.8,31.6,44.5,48.5,44.4,49.9
P11385,Protein 1386,33.4,28.7,57.9,42.3,48.9,65.4
P11386,Protein 1387,20.6,23.1,36.6,101.4,203.1,208.2
P11387,Protein 1388,,,,,,
P11388,Protein 1389,27,18.7,34.7,16.7,16.3,23.1
P11389,Protein 1390,,,,,,
P11390,Protein 1391,44.9,36.2,67.1,12.3,12.8,20.7
P11391,Protein 1392,38.7,30.9,55.3,207.9,133.6,300.4
P11392,Protein 1393,128.7,173.6,241.1,120.5,138.3,152.2
P11393,Protein 1394,28.8,21.7,104.8,30.6,24.8,32.3
P11394,Protein 1395,,,,,,
P11395,Protein 1396,83.1,90.3,114.1,54.2,39.7,47.6
P11396,Protein 1397,,,,,,
P11397,Protein 1398,116.7,107.5,129.1,11.5,30.1,10.7
P11398,Protein 1399,23.1,31.7,37.6,11.3,20.3,23.2
P11399,Protein 1400,12.3,15.9,22.7,20.2,14.8,22.6
P11400,Protein 1401,,53.1,174.8,6.2,3.9,5.6
P11401,Protein 1402,47.2,59.4,100.1,26,24.8,32.8
P11402,Protein 1403,,,,,,
P11403,Protein 1404,,,,,,
P11404,Protein 1405,,,,,,
P11405,Protein 1406,42.5,57.2,63.9,7.2,6.2,6.9
P11406,Protein 1407,,,,,,
P11407,Protein 1408,103.1,134.2,230,73.3,64.1,103.8
P11408,Protein 1409,28.5,33.6,57.1,11,18.2,28.8
P11409,Protein 1410,,,,,,
P11410,Protein 1411,17.4,25.7,25.2,9.6,29.7,27.4
P11411,Protein 1412,35.2,56.7,42.7,8.8,8.1,12.4
P11412,Protein 1413,40.3,50.1,38.6,4.4,2,4.3
P11413,Protein 1414,,,,,,
P11414,Protein 1415,55.5,115.5,142.1,,2.5,
P11415,Protein 1416,,,,,,
P11416,Protein 1417,,,,,,
P11417,Protein 1418,,,,,,
P11418,Protein 1419,,,,,,
P11419,Protein 1420,,,,,,
P11420,Protein 1421,22.2,24.6,30.1,9.9,15,11.8
P11421,Protein 1422,70.7,87,142.9,36.1,54.3,62.2
P11422,Protein 1423,,,,,,
P11423,Protein 1424,,,,,,
P11424,Protein 1425,34.5,30.4,51.2,20.8,21.4,36.5
P11425,Protein 1426,91,86.8,127.4,13.9,7.6,19.7
P11426,Protein 1427,83.2,114.1,144.2,32.6,51.4,51.4
P11427,Protein 1428,37.4,35.1,46.5,32.2,41,80.6
P11428,Protein 1429,,,,,,
P11429,Protein 1430,,,,,,
P11430,Protein 1431,,,,,,
P11431,Protein 1432,42.3,34.1,40.5,3.6,25.7,11.3
P11432,Protein 1433,,,,,,
P11433,Protein 1434,,3.2,11.7,7.9,685.3,96.8
P11434,Protein 1435,134.4,114.7,189,20.3,39.9,30.2
P11435,Protein 1436,47.6,46.9,51.1,54.2,127.8,90.3
P11436,Protein 1437,,,,,,
P11437,Protein 1438,22.6,20.8,45.5,32.3,30.3,45.6
P11438,Protein 1439,,,,,,
P11439,Protein 1440,9.8,63.9,188.5,11.6,21.7,25.9
P11440,Protein 1441,114.4,141.8,236.3,2.5,12.4,14.9
P11441,Protein 1442,47.9,51.5,70.5,16.6,26.4,22.5
P11442,Protein 1443,8.8,9.2,17.1,16,114.3,125.4
P11443,Protein 1444,,,,,,
P11444,Protein 1445,32.1,8.6,16.7,8.4,12.9,317.4
P11445,Protein 1446,,,,,,
P11446,Protein 1447,,,,,,
P11447,Protein 1448,,,,,,
P11448,Protein 1449,,,,,,
P11449,Protein 1450,,,,,,
P11450,Protein 1451,,,,,,
P11451,Protein 1452,57.1,58.6,59.2,,3.4,
P11452,Protein 1453,,,,,,
P11453,Protein 1454,,,,,,
P11454,Protein 1455,49.4,55.8,63.4,12.5,18.2,21.1
P11455,Protein 1456,45.2,48.9,66,4,9.1,6.3
P11456,Protein 1457,,,,,,
P11457,Protein 1458,,,,,,
P11458,Protein 1459,99.3,76.1,137.5,41.7,43.9,40.4
P11459,Protein 1460,52.9,52.4,58.2,48.3,47.2,43.2
P11460,Protein 1461,58.5,66.6,181.4,47,15.8,62.2
P11461,Protein 1462,71.1,82.9,95.6,12.6,25,15.7
P11462,Protein 1463,62.8,59.6,73.3,77.7,71.9,64
P11463,Protein 1464,,,,,,
P11464,Protein 1465,11.1,21.1,50.5,14,21,30.8
P11465,Protein 1466,56.3,82.9,84,2,2.2,
P11466,Protein 1467,,,,,,
P11467,Protein 1468,37.8,35.4,45.3,12.9,26,24.1
P11468,Protein 1469,,,,,,
P11469,Protein 1470,,,,,,
P11470,Protein 1471,569.2,623.9,1013.3,96.1,56.1,39.8
P11471,Protein 1472,,,,,,
P11472,Protein 1473,,,,,,
P11473,Protein 1474,10,7.5,16.2,70.8,24.3,127.8
P11474,Protein 1475,113.3,97.6,136.1,2.8,,
P11475,Protein 1476,44,94.2,117,19.1,13.2,45.5
P11476,Protein 1477,,,,,,
P11477,Protein 1478,,,,,,
P11478,Protein 1479,61.7,71.5,82,2,5.4,
P11479,Protein 1480,68.4,46.5,92.6,9.3,14.3,13.1
P11480,Protein 1481,181,215.1,425.6,7.4,6.9,11.5
P11481,Protein 1482,,,,,,
P11482,Protein 1483,60.3,82.5,94.7,62.1,109.9,77.5
P11483,Protein 1484,,,,,,
P11484,Protein 1485,38.4,39.6,157.3,11.9,19.5,61.4
P11485,Protein 1486,,,,,,
P11486,Protein 1487,,,,,,
P11487,Protein 1488,,,,,,
P11488,Protein 1489,88.3,53.6,198,84,64.1,102.9
P11489,Protein 1490,,,,,,
P11490,Protein 1491,,,,,,
P11491,Protein 1492,32.2,37.6,75.7,3.1,5.9,3.4
P11492,Protein 1493,8.6,14.1,11.8,61.6,58.1,136.5
P11493,Protein 1494,34.3,34.1,56.8,31.8,22.8,34.5
P11494,Protein 1495,83.9,113.6,120.6,74.8,93,176.6
P11495,Protein 1496,102.4,125.1,177.8,14.2,12.1,14.3
P11496,Protein 1497,92.8,136.9,178.6,90.1,90.1,105.6
P11497,Protein 1498,,,,,,
P11498,Protein 1499,,,,,,
P11499,Protein 1500,39.7,284.7,72.5,54.7,66.5,77.5
P11500,Protein 1501,132.9,134.4,172.2,2.6,,
P11501,Protein 1502,,,,,,
P11502,Protein 1503,,,,,,
P11503,Protein 1504,,,,,,
P11504,Protein 1505,,,,,,
P11505,Protein 1506,,,,,,
P11506,Protein 1507,36.3,27.5,32.3,3.7,8.9,10.5
P11507,Protein 1508,49.9,59.2,80.5,128.7,286.5,161.3
P11508,Protein 1509,,,,,,
P11509,Protein 1510,44.4,42.6,56,212.3,61.7,153.8
P11510,Protein 1511,,,,,,
P11511,Protein 1512,14.6,20.3,22.3,18.8,16.5,17.4
P11512,Protein 1513,89.2,84,129.4,78,21.2,58.5
P11513,Protein 1514,43.3,40.2,83.3,33.6,25.9,59
P11514,Protein 1515,,,,,,
P11515,Protein 1516,32.5,38.1,70.6,6.6,4.2,5.9
P11516,Protein 1517,18.3,13,26.8,9.5,14.4,25.7
P11517,Protein 1518,,,,,,
P11518,Protein 1519,,,,,,
P11519,Protein 1520,,,,,,
P11520,Protein 1521,,,,,,
P11521,Protein 1522,29.8,27.7,48.8,90.6,43.8,76.9
P11522,Protein 1523,29.4,31.1,53,68.3,34.6,48.9
P11523,Protein 1524,76.2,93.7,112.5,10.2,11.5,7.5
P11524,Protein 1525,108.4,107.6,133.1,9.6,14.6,8.2
P11525,Protein 1526,,,,,,
P11526,Protein 1527,22.4,31.3,43.3,11.2,3.6,23.3
P11527,Protein 1528,19.9,29.3,40,13.6,18.5,20.1
P11528,Protein 1529,,,,,,
P11529,Protein 1530,,,,,,
P11530,Protein 1531,48.1,29.9,28.8,1.9,5.3,2.8
P11531,Protein 1532,,,,,,
P11532,Protein 1533,,,,,,
P11533,Protein 1534,33.7,21.9,38.3,23.2,48.8,13.1
P11534,Protein 1535,16.3,25.7,27.5,10.6,16.3,14.2
P11535,Protein 1536,,,,,,
P11536,Protein 1537,22.6,20.8,46.1,12.8,13.7,27.4
P11537,Protein 1538,,,,,,
P11538,Protein 1539,16.3,22.8,31.5,9.1,6.4,16.9
P11539,Protein 1540,23.6,32.1,66.7,57,63.1,73.6
P11540,Protein 1541,,,,,,
P11541,Protein 1542,,,,,,
P11542,Protein 1543,,,,,,
P11543,Protein 1544,,,,,,
P11544,Protein 1545,,,,,,
P11545,Protein 1546,,,,,,
P11546,Protein 1547,,,,,,
P11547,Protein 1548,22.5,26.8,53.5,3.9,6.2,7.3
P11548,Protein 1549,,,,,,
P11549,Protein 1550,51.7,39.9,77.7,51.6,61.5,96.8
P11550,Protein 1551,169.2,171.2,266,97.1,86.5,85.1
P11551,Protein 1552,248.9,146.6,442,2.3,3.2,4
P11552,Protein 1553,53.5,70.4,78.5,2.7,,2.9
P11553,Protein 1554,17.5,15.8,28.6,13.7,17.2,23.3
P11554,Protein 1555,,,,,,
P11555,Protein 1556,,,,,,
P11556,Protein 1557,55.2,5.1,9.5,7.2,11,327.7
P11557,Protein 1558,11.5,10.7,21.3,89.9,49.3,339.1
P11558,Protein 1559,22.4,33.3,76.2,10.3,21.6,30.3
P11559,Protein 1560,,,,,,
P11560,Protein 1561,57.5,63,62.5,,,
P11561,Protein 1562,28.6,14.1,40.3,26.3,20.8,39.5
P11562,Protein 1563,,,,,,
P11563,Protein 1564,58.5,62.5,72.3,21.6,16.2,9.5
P11564,Protein 1565,70.3,79.7,101.2,18.5,30.6,23.4
P11565,Protein 1566,20,39,50.4,317.2,2.9,27.4
P11566,Protein 1567,,,,,,
P11567,Protein 1568,30.6,37.2,66.4,40,30.8,70.2
P11568,Protein 1569,,,,,,
P11569,Protein 1570,17.1,16.1,22.9,73.9,28.7,77.7
P11570,Protein 1571,,,,,,
P11571,Protein 1572,90.9,108.3,118.2,36.7,64.9,51.5
P11572,Protein 1573,,,,,,
P11573,Protein 1574,71,62.7,104.4,2.4,,
P11574,Protein 1575,116.3,145.4,221.3,47.1,72.2,66.6
P11575,Protein 1576,,,,,,
P11576,Protein 1577,,,,,,
P11577,Protein 1578,,,,,,
P11578,Protein 1579,,,,,,
P11579,Protein 1580,,,,,,
P11580,Protein 1581,,,,,,
P11581,Protein 1582,95,88,88.5,3.3,24.1,3.7
P11582,Protein 1583,17.9,23.8,37.3,35.8,28,44.3
P11583,Protein 1584,65.1,61.2,126.1,57.5,36.7,81.1
P11584,Protein 1585,13.3,11.4,38.7,14,6.4,30.9
P11585,Protein 1586,,,,,,
P11586,Protein 1587,,,,,,
P11587,Protein 1588,,,,,,
P11588,Protein 1589,,,,,,
P11589,Protein 1590,35,25.6,44.1,4.9,5.6,6
P11590,Protein 1591,,,,,,
P11591,Protein 1592,,,,,,
P11592,Protein 1593,,,,,,
P11593,Protein 1594,25.5,35.1,63.5,14.3,38,35.7
P11594,Protein 1595,45.2,88.9,123.5,7.5,6.7,11.2
P11595,Protein 1596,,,,,,
P11596,Protein 1597,,,,,,
P11597,Protein 1598,14.2,20.4,34.8,13.3,4.5,20.1
P11598,Protein 1599,54.4,42.7,78.4,83.1,37.9,92.3
P11599,Protein 1600,14,44.4,85,2.7,7.6,5.1
P11600,Protein 1601,19.7,38,62.5,16.7,7,16.3
P11601,Protein 1602,,,,,,
P11602,Protein 1603,,,,,,
P11603,Protein 1604,10.8,13.1,14,24.6,32.1,42.2
P11604,Protein 1605,74.4,77.7,112.8,21.7,27.7,44.7
P11605,Protein 1606,47.6,47.3,69.2,15.6,29.5,17.1
P11606,Protein 1607,19.2,20.8,39.8,23.5,22.2,29.2
P11607,Protein 1608,,,,,,
P11608,Protein 1609,23.6,22.8,38.9,86.8,37.8,64.2
P11609,Protein 1610,,,,,,
P11610,Protein 1611,30.6,30.7,46.1,34.8,8.7,13
P11611,Protein 1612,,,,,,
P11612,Protein 1613,50.7,23.3,104,57.1,30,86.3
P11613,Protein 1614,4.6,4.6,6.7,49.8,65.6,116
P11614,Protein 1615,63.5,120.1,96,4.9,62.1,10.8
P11615,Protein 1616,,,,,,
P11616,Protein 1617,,,,,,
P11617,Protein 1618,,,,,,
P11618,Protein 1619,54.9,88.4,95.3,58.9,41.3,34.3
P11619,Protein 1620,15.4,22.6,54.6,9,10,8.3
P11620,Protein 1621,179,184.8,293.6,3.9,8.3,3.6
P11621,Protein 1622,110.9,136.8,166.2,87.7,101.3,86.2
P11622,Protein 1623,34,33.9,31.2,6.9,12,7.3
P11623,Protein 1624,,,,,,
P11624,Protein 1625,14.1,23.8,27.8,14.5,28.3,3.4
P11625,Protein 1626,,,,,,
P11626,Protein 1627,41.9,34.7,47,5.7,3.9,4
P11627,Protein 1628,,,,,,
P11628,Protein 1629,,,,,,
P11629,Protein 1630,,,,,,
P11630,Protein 1631,144.7,145.9,161.7,32.3,4.8,21.9
P11631,Protein 1632,,,,,,
P11632,Protein 1633,,,,,,
P11633,Protein 1634,,,,,,
P11634,Protein 1635,52.1,43.9,46,48.3,45.7,38.6
P11635,Protein 1636,36.8,37,61.6,20.4,20.7,24
P11636,Protein 1637,,,,,,
P11637,Protein 1638,11.7,18.1,50.8,53.5,14.5,84.2
P11638,Protein 1639,30,32.5,49.3,,,
P11639,Protein 1640,,,,,,
P11640,Protein 1641,32.8,42.9,54.8,22.1,14.7,8.7
P11641,Protein 1642,,,,,,
P11642,Protein 1643,48.2,57.2,70.3,2,8.5,7.1
P11643,Protein 1644,7.5,19.9,37.5,31.8,43.9,43.9
P11644,Protein 1645,221.2,226.7,403.6,5.6,6.7,7.2
P11645,Protein 1646,,,,,,
P11646,Protein 1647,,,,,,
P11647,Protein 1648,,,,,,
P11648,Protein 1649,41.2,43.6,95.3,14.3,26.2,47
P11649,Protein 1650,,,,,,
P11650,Protein 1651,25.9,24,39.5,15.8,24.2,15.5
P11651,Protein 1652,,,,,,
P11652,Protein 1653,99.9,120.9,117.2,76.8,103.8,145.9
P11653,Protein 1654,,,,,,
P11654,Protein 1655,,,,,,
P11655,Protein 1656,26,32.5,43.6,12.1,20,14.4
P11656,Protein 1657,,,,,,
P11657,Protein 1658,37.2,54.6,153.8,107.4,76.5,208.8
P11658,Protein 1659,,,,,,
P11659,Protein 1660,131,156.8,188.1,91.6,162.9,60.2
P11660,Protein 1661,,,,,,
P11661,Protein 1662,48.3,59.8,84.7,19.9,33.2,32.3
P11662,Protein 1663,,,,,,
P11663,Protein 1664,,,,,,
P11664,Protein 1665,,,,,,
P11665,Protein 1666,,,,,,
P11666,Protein 1667,,,,,,
P11667,Protein 1668,31.5,49.8,77.2,7,8,16.1
P11668,Protein 1669,15.7,13.6,23.6,35.1,36.4,171.6
P11669,Protein 1670,20.8,37.2,49.1,8.1,10.8,36.6
P11670,Protein 1671,,,,,,
P11671,Protein 1672,,,,,,
P11672,Protein 1673,,,,,,
P11673,Protein 1674,54.8,57.8,75.9,4.1,3.6,4.1
P11674,Protein 1675,,,,,,
P11675,Protein 1676,,,,,,
P11676,Protein 1677,25.2,24.5,25.1,23.1,96.3,92.8
P11677,Protein 1678,82,121.2,173.4,92.5,72.3,76.7
P11678,Protein 1679,22.7,24.4,36.6,24.6,25.4,24.1
P11679,Protein 1680,60.6,59,96.9,5.3,177.6,50.7
P11680,Protein 1681,317.7,270.5,475.1,19.3,50.8,13.9
P11681,Protein 1682,,,,,,
P11682,Protein 1683,,,,,,
P11683,Protein 1684,,,,,,
P11684,Protein 1685,,,,,,
P11685,Protein 1686,10.2,22.8,106.8,7.6,9.1,6
P11686,Protein 1687,,,,,,
P11687,Protein 1688,36.5,33.4,49.5,17.7,9.5,17.6
P11688,Protein 1689,,,,,,
P11689,Protein 1690,,,,,,
P11690,Protein 1691,,,,,,
P11691,Protein 1692,,,,,,
P11692,Protein 1693,,,,,,
P11693,Protein 1694,,,,,,
P11694,Protein 1695,,,,,,
P11695,Protein 1696,47.1,53.8,85.6,24.3,29.3,36.2
P11696,Protein 1697,,,,,,
P11697,Protein 1698,,,,,,
P11698,Protein 1699,,,,,,
P11699,Protein 1700,32.3,25.1,55.3,,,36.5
P11700,Protein 1701,,,,,,
P11701,Protein 1702,,,,,,
P11702,Protein 1703,39.9,41.8,48,10.7,15.9,12.4
P11703,Protein 1704,29.4,35.8,42.7,7.8,2.5,8.9
P11704,Protein 1705,20.3,21.8,28,9.5,21.9,13.5
P11705,Protein 1706,244.3,296.5,293.9,343.6,230.7,244.2
P11706,Protein 1707,28.7,37.5,37.4,26.2,10.1,11.1
P11707,Protein 1708,,,,,,
P11708,Protein 1709,,,,,,
P11709,Protein 1710,14.6,19,27.1,6.3,29.4,21.2
P11710,Protein 1711,58.2,51.1,114.1,47.5,40,108.6
P11711,Protein 1712,61.8,38.9,104.3,47.2,47.8,105.7
P11712,Protein 1713,,,,,,
P11713,Protein 1714,163.5,150.6,239.3,59.5,58.7,138
P11714,Protein 1715,,,,,,
P11715,Protein 1716,19.3,27.8,45.2,7,7.8,10.2
P11716,Protein 1717,20,28,41,20.2,17.7,22.6
P11717,Protein 1718,113.2,144.3,217.4,9,19.7,18.6
P11718,Protein 1719,364.8,10.9,6.7,,,2.4
P11719,Protein 1720,,,,,,
P11720,Protein 1721,10.7,11.9,20.1,1.3,111.1,4.6
P11721,Protein 1722,,,,,,
P11722,Protein 1723,,,,,,
P11723,Protein 1724,119,146.3,251.4,85.2,117.4,108
P11724,Protein 1725,,,,,,
P11725,Protein 1726,24.2,34.2,47,66.6,12,38.2
P11726,Protein 1727,,,,,,
P11727,Protein 1728,,,,,,
P11728,Protein 1729,,,,,,
P11729,Protein 1730,48.3,53.6,101.7,18.2,8.3,22.8
P11730,Protein 1731,43.4,64.6,109.3,20.1,29.7,32.1
P11731,Protein 1732,,,,,,
P11732,Protein 1733,4.3,3.9,3.9,7.5,116.4,24.2
P11733,Protein 1734,,,,,,
P11734,Protein 1735,,,,,,
P11735,Protein 1736,79,110.2,127.6,31.3,65,97
P11736,Protein 1737,10,23.8,28.7,16.1,15.3,11.6
P11737,Protein 1738,,,,,,
P11738,Protein 1739,238,70.8,81.7,127.2,224.5,172.7
P11739,Protein 1740,40.1,48.3,38.1,38.9,95.7,138.4
P11740,Protein 1741,55,78.8,135.3,57.2,67.9,118.9
P11741,Protein 1742,122.1,150.5,226.2,65.6,72.7,88.9
P11742,Protein 1743,,,,,,
P11743,Protein 1744,49,69.1,127.3,43.1,60.2,60.5
P11744,Protein 1745,36.6,55.4,85.5,8.1,17.9,23.4
P11745,Protein 1746,,,,,,
P11746,Protein 1747,,,,,,
P11747,Protein 1748,340.6,280.5,331.3,17.3,17.6,35.3
P11748,Protein 1749,,,,,,
P11749,Protein 1750,,,,,,
P11750,Protein 1751,,,,,,
P11751,Protein 1752,11.1,9.5,11.1,48.8,33.6,76.7
P11752,Protein 1753,,,,,,
P11753,Protein 1754,,,,,,
P11754,Protein 1755,,,,,,
P11755,Protein 1756,51.5,98.7,142.6,16.1,10.6,10.1
P11756,Protein 1757,,,,,,
P11757,Protein 1758,,,,,,
P11758,Protein 1759,,,,,,
P11759,Protein 1760,24.8,30,40.7,10.2,10.9,25.1
P11760,Protein 1761,47.1,29.7,75.3,17.5,19.4,33.1
P11761,Protein 1762,,,,,,
P11762,Protein 1763,,,,,,
P11763,Protein 1764,,,,,,
P11764,Protein 1765,,,,,,
P11765,Protein 1766,,,,,,
P11766,Protein 1767,13,12,22.9,41.8,8.9,27.4
P11767,Protein 1768,17,21.7,23.1,964.9,128.2,2366.4
P11768,Protein 1769,,,,,,
P11769,Protein 1770,,,,,,
P11770,Protein 1771,57.1,63.7,101.9,49.5,50.1,49.1
P11771,Protein 1772,42,59,72.6,56.9,99.6,80.6
P11772,Protein 1773,,,,,,
P11773,Protein 1774,,,,,,
P11774,Protein 1775,4.5,3.1,5.7,27.5,57.9,66.5
P11775,Protein 1776,26.3,45.5,59.4,5.9,13.6,14.2
P11776,Protein 1777,,,,,,
P11777,Protein 1778,38.8,32.1,41.2,12.5,9.4,15.1
P11778,Protein 1779,,,,,,
P11779,Protein 1780,,,,,,
P11780,Protein 1781,,,,,,
P11781,Protein 1782,,,,,,
P11782,Protein 1783,,,,,,
P11783,Protein 1784,,,,,,
P11784,Protein 1785,76.4,51.6,68.2,3.5,10.7,13.4
P11785,Protein 1786,,,,,,
P11786,Protein 1787,41.8,47.2,106.8,48.6,29.8,119.5
P11787,Protein 1788,5.9,,7.5,30.1,25.5,42
P11788,Protein 1789,44.5,71.6,114.1,158.4,114.3,255.2
P11789,Protein 1790,,,,,,
P11790,Protein 1791,,,,,,
P11791,Protein 1792,,,,,,
P11792,Protein 1793,,,,,,
P11793,Protein 1794,,,,,,
P11794,Protein 1795,,,,,,
P11795,Protein 1796,,,,,,
P11796,Protein 1797,53.3,70.7,109.1,40.3,40.8,59.5
P11797,Protein 1798,14,16.5,17.6,290.4,59.4,115.8
P11798,Protein 1799,,,,,,
P11799,Protein 1800,,,,,,
P11800,Protein 1801,,,,,,
P11801,Protein 1802,63.5,27,151.2,3,6.2,7.2
P11802,Protein 1803,,,,,,
P11803,Protein 1804,5.7,6.3,11.8,68,16.1,38.7
P11804,Protein 1805,,,,,,
P11805,Protein 1806,64.2,64.1,112,86.8,77.2,122
P11806,Protein 1807,,,,,,
P11807,Protein 1808,,,,,,
P11808,Protein 1809,,,,,,
P11809,Protein 1810,42.4,45.7,111.5,21.4,13.8,38
P11810,Protein 1811,68.3,17.6,62.6,63.6,51.6,44.3
P11811,Protein 1812,98.2,168,172.2,83.5,47.8,45.3
P11812,Protein 1813,126.3,96.4,176.6,41.5,42.6,67.5
P11813,Protein 1814,31.8,49.7,37.1,16,110.5,110.8
P11814,Protein 1815,,,,,,
P11815,Protein 1816,,,,,,
P11816,Protein 1817,47.3,31.3,73.4,34.2,26.3,63.9
P11817,Protein 1818,25.4,26.2,36.9,5.3,6.3,6.8
P11818,Protein 1819,,,,,,
P11819,Protein 1820,,,,,,
P11820,Protein 1821,,,,,,
P11821,Protein 1822,91.7,78.2,96,9.3,7.9,11.6
P11822,Protein 1823,41.1,50.7,52.1,47.3,39.8,43.3
P11823,Protein 1824,13,21,21.4,21.8,26.9,17.1
P11824,Protein 1825,,,,,,
P11825,Protein 1826,,,,,,
P11826,Protein 1827,26.4,30.3,41.6,7,8.3,8.3
P11827,Protein 1828,,,,,,
P11828,Protein 1829,,,,,,
P11829,Protein 1830,10.7,17,31,6.8,18.6,22.8
P11830,Protein 1831,31.1,43.7,36.4,44,64.5,50.9
P11831,Protein 1832,,,,,,
P11832,Protein 1833,,,,,,
P11833,Protein 1834,,,,,,
P11834,Protein 1835,,,,,,
P11835,Protein 1836,,,,,,
P11836,Protein 1837,111.9,111.5,126.2,69.9,84.9,73.5
P11837,Protein 1838,,,,,,
P11838,Protein 1839,,,,,,
P11839,Protein 1840,120,118.4,125.9,101.6,22.5,52.7
P11840,Protein 1841,66.1,60.2,72.3,11.1,30,22.8
P11841,Protein 1842,,,,,,
P11842,Protein 1843,,,,,,
P11843,Protein 1844,,,,,,
P11844,Protein 1845,21,21.4,37.9,12.1,7.6,12.1
P11845,Protein 1846,,,,,,
P11846,Protein 1847,,,,,,
P11847,Protein 1848,,,,,,
P11848,Protein 1849,32.9,46.3,66.8,30.6,12.2,18.9
P11849,Protein 1850,183.6,27.7,40.7,29.4,68.5,80.3
P11850,Protein 1851,,,,,,
P11851,Protein 1852,71.7,103.1,139.9,6.8,15.3,18
P11852,Protein 1853,,,,,,
P11853,Protein 1854,69,66.6,91.2,4.8,5.1,10.1
P11854,Protein 1855,,,,,,
P11855,Protein 1856,,,,,,
P11856,Protein 1857,,,,,,
P11857,Protein 1858,,,,,,
P11858,Protein 1859,118.2,153.6,129.4,104,129,99
P11859,Protein 1860,134.4,108.7,134.7,25.8,36.6,29.6
P11860,Protein 1861,6.7,3.8,8.9,75.7,49.5,179.6
P11861,Protein 1862,,,,,,
P11862,Protein 1863,,,,,,
P11863,Protein 1864,,,,,,
P11864,Protein 1865,,,,,,
P11865,Protein 1866,,,,,,
P11866,Protein 1867,81.8,89.3,137.7,12,14.8,8.9
P11867,Protein 1868,78.8,75.9,88.8,2.6,4.5,4.5
P11868,Protein 1869,33.9,28.8,35.6,14.8,16.2,5.5
P11869,Protein 1870,46.5,53.3,62.9,8.5,10,9.4
P11870,Protein 1871,,,,,,
P11871,Protein 1872,15.8,15.9,48.2,18.4,17.4,33.8
P11872,Protein 1873,,,,,,
P11873,Protein 1874,,,,,,
P11874,Protein 1875,47.6,50.1,54.5,3.7,9.5,6.4
P11875,Protein 1876,67.9,107.8,269.4,11.8,6.9,39.9
P11876,Protein 1877,,,,,,
P11877,Protein 1878,103,94.6,134.2,6,21,
P11878,Protein 1879,,,,,,
P11879,Protein 1880,105.6,52.4,160.2,132.9,72,77.5
P11880,Protein 1881,,,,,,
P11881,Protein 1882,14.1,32.8,73.6,6.5,3.2,2.5
P11882,Protein 1883,,,,,,
P11883,Protein 1884,107.6,122.7,164.6,21.7,22.7,16.8
P11884,Protein 1885,,,,,,
P11885,Protein 1886,,,,,,
P11886,Protein 1887,,,,,,
P11887,Protein 1888,133.4,64.6,87.4,42.1,62.1,42.3
P11888,Protein 1889,,,,,,
P11889,Protein 1890,,,,,,
P11890,Protein 1891,,,,,,
P11891,Protein 1892,53,71.7,73.4,22.9,53.1,40.3
P11892,Protein 1893,80.6,51.5,67.9,,6.7,4
P11893,Protein 1894,,,,,,
P11894,Protein 1895,,,,,,
P11895,Protein 1896,155.3,241.9,259.8,3.4,5.6,3.6
P11896,Protein 1897,55.4,57.5,91.8,17.5,14.7,31.5
P11897,Protein 1898,,,,,,
P11898,Protein 1899,107.9,71.4,98.5,26.5,61.5,76.6
P11899,Protein 1900,16.3,12.7,27.2,8.7,11.5,29.9
P11900,Protein 1901,,,,,,
P11901,Protein 1902,225.4,254.1,346.3,9.1,10.4,9.7
P11902,Protein 1903,,,,,,
P11903,Protein 1904,,,,,,
P11904,Protein 1905,,,,,,
P11905,Protein 1906,,,,,,
P11906,Protein 1907,,,,,,
P11907,Protein 1908,198.9,202.1,234.4,172.8,156.3,140.1
P11908,Protein 1909,87,82.4,183.2,72.3,40.7,139.4
P11909,Protein 1910,,,,,,
P11910,Protein 1911,,,,,,
P11911,Protein 1912,,,,,,
P11912,Protein 1913,21,46.7,262,7.4,9,21.7
P11913,Protein 1914,,,,,,
P11914,Protein 1915,,,,,,
P11915,Protein 1916,42.1,61.7,63.7,41.6,31.8,50
P11916,Protein 1917,,,,,,
P11917,Protein 1918,,,,,,
P11918,Protein 1919,,,,,,
P11919,Protein 1920,,,,,,
P11920,Protein 1921,,,,,,
P11921,Protein 1922,,,,,,
P11922,Protein 1923,,,,,,
P11923,Protein 1924,29.1,24.5,29.1,28.4,22.1,11.9
P11924,Protein 1925,38.7,62.9,52.2,8.5,10,7.9
P11925,Protein 1926,21.2,8.4,9.9,30.2,30.8,40.7
P11926,Protein 1927,109,96.4,204.4,58.3,97.4,129.8
P11927,Protein 1928,116.7,138.1,191.4,44.3,67.5,76.9
P11928,Protein 1929,21.7,39.4,33.5,6.3,32.4,18.8
P11929,Protein 1930,11.1,27,35.5,7.7,16.2,13.8
P11930,Protein 1931,,,,,,
P11931,Protein 1932,,,,,,
P11932,Protein 1933,,,,,,
P11933,Protein 1934,,,,,,
P11934,Protein 1935,5.7,9.2,13.4,1094.6,80.6,446.5
P11935,Protein 1936,2.9,4.4,3.9,,,2095.1
P11936,Protein 1937,,,,,,
P11937,Protein 1938,,,,,,
P11938,Protein 1939,,,,,,
P11939,Protein 1940,,,,,,
P11940,Protein 1941,962.8,373.2,513,12.1,1283.7,
P11941,Protein 1942,19.9,28.4,34.6,9.6,16.4,12.7
P11942,Protein 1943,11.6,9.8,20.9,111.6,35.1,181.1
P11943,Protein 1944,,,,,,
P11944,Protein 1945,8.2,202.9,768.2,7.8,16,20.1
P11945,Protein 1946,,,,,,
P11946,Protein 1947,,,,,,
P11947,Protein 1948,43.8,58.5,73.8,18,25.5,28.4
P11948,Protein 1949,,,,,,
P11949,Protein 1950,170.6,148.1,167.5,158.3,155.7,122.6
P11950,Protein 1951,,,,,,
P11951,Protein 1952,,,,,,
P11952,Protein 1953,35,23.5,33.4,7.4,6,8.6
P11953,Protein 1954,,,,,,
P11954,Protein 1955,87.4,121.7,126.1,5.6,5.9,4.5
P11955,Protein 1956,,,,,,
P11956,Protein 1957,,,,,,
P11957,Protein 1958,89,48.7,150.5,70.1,59.6,115.1
P11958,Protein 1959,,,,,,
P11959,Protein 1960,27.1,31.2,54.5,12.8,9.4,11.2
P11960,Protein 1961,5.7,59.8,443.1,3.7,,6
P11961,Protein 1962,,,,,,
P11962,Protein 1963,,,,,,
P11963,Protein 1964,129,81.6,291.5,72.1,563.6,485
P11964,Protein 1965,,,,,,
P11965,Protein 1966,,,,,,
P11966,Protein 1967,38,33.7,85.8,46.8,29.3,57.1
P11967,Protein 1968,229.2,246.5,487.9,19.9,10.1,20.7
P11968,Protein 1969,15.6,27.4,31.2,156.2,34.1,84.6
P11969,Protein 1970,,,,,,
P11970,Protein 1971,,,,,,
P11971,Protein 1972,,,,,,
P11972,Protein 1973,,,,,,
P11973,Protein 1974,,,,,,
P11974,Protein 1975,72.5,76,119.4,25.2,27.1,27.7
P11975,Protein 1976,16.6,8.2,20.5,34.3,132.8,63.8
P11976,Protein 1977,,,,,,
P11977,Protein 1978,,,,,,
P11978,Protein 1979,,,,,,
P11979,Protein 1980,29.7,11,17.6,151.2,86.7,487.2
P11980,Protein 1981,,,,,,
P11981,Protein 1982,,,,,,
P11982,Protein 1983,,,,,,
P11983,Protein 1984,,,,,,
P11984,Protein 1985,,,,,,
P11985,Protein 1986,,,,,,
P11986,Protein 1987,,,,,,
P11987,Protein 1988,3.6,4.5,4.5,30.2,31.5,45.6
P11988,Protein 1989,,,,,,
P11989,Protein 1990,,,,,,
P11990,Protein 1991,117.4,90.9,309.1,122.8,56.1,78.5
P11991,Protein 1992,,,,,,
P11992,Protein 1993,,,,,,
P11993,Protein 1994,,,,,,
P11994,Protein 1995,,,,,,
P11995,Protein 1996,,,,,,
P11996,Protein 1997,,,,,,
P11997,Protein 1998,,,,,,
P11998,Protein 1999,18.3,32.2,38.2,66.4,35.6,36.1
P11999,Protein 2000,17,9.4,28.9,23.8,12.8,32.6
P12000,Protein 2001,,,,,,
P12001,Protein 2002,41.4,38.4,66.1,29.1,19.3,39.2
P12002,Protein 2003,25.8,33.8,45.9,22.6,16.9,26.5
P12003,Protein 2004,,,,,,
P12004,Protein 2005,,,,,,
P12005,Protein 2006,,,,,,
P12006,Protein 2007,,,,,,
P12007,Protein 2008,,,,,,
P12008,Protein 2009,,,,,,
P12009,Protein 2010,,,,,,
P12010,Protein 2011,181.9,203.3,274.6,52.2,53.2,55
P12011,Protein 2012,,,,,,
P12012,Protein 2013,,,,,,
P12013,Protein 2014,,,,,,
P12014,Protein 2015,,,,,,
P12015,Protein 2016,,,,,,
P12016,Protein 2017,,,,,,
P12017,Protein 2018,,,,,,
P12018,Protein 2019,13,16.1,38.3,12,9.8,36.6
P12019,Protein 2020,22.1,187.6,544.9,12.7,11,26
P12020,Protein 2021,53.1,71,152.7,2.5,3.2,6.5
P12021,Protein 2022,52.2,54.8,59.5,41.6,53.4,59.4
P12022,Protein 2023,,,,,,
P12023,Protein 2024,,,,,,
P12024,Protein 2025,168.3,14.7,17.4,41.9,34.9,94.7
P12025,Protein 2026,105.4,95.6,184.8,51.1,105.6,141.8
P12026,Protein 2027,15.5,818.8,3034.6,16.7,18.5,36.8
P12027,Protein 2028,289.9,124.5,347.7,307.5,597.3,397.3
P12028,Protein 2029,,,,,,
P12029,Protein 2030,,,,,,
P12030,Protein 2031,,,,,,
P12031,Protein 2032,,,,,,
P12032,Protein 2033,48.6,22.7,75.7,48.5,27,44.2
P12033,Protein 2034,,,,,,
P12034,Protein 2035,8,7.2,12,12.4,55.8,73.2
P12035,Protein 2036,,,,,,
P12036,Protein 2037,215.6,202.1,294.5,14.2,14.9,24.1
P12037,Protein 2038,,,,,,
P12038,Protein 2039,,,,,,
P12039,Protein 2040,,,,,,
P12040,Protein 2041,326.6,248,374.9,5.9,7.7,8.2
P12041,Protein 2042,,,,,,
P12042,Protein 2043,235.5,295.2,312.9,88.8,149.7,303.2
P12043,Protein 2044,34.2,30.5,36.9,42.5,27,28.6
P12044,Protein 2045,171,55.8,277.1,99.6,79.8,104.6
P12045,Protein 2046,101.9,122,207.5,42.3,31.9,131.1
P12046,Protein 2047,,,,,,
P12047,Protein 2048,,,,,,
P12048,Protein 2049,144.3,161.1,240.3,7.5,11.6,15
P12049,Protein 2050,,,,,,
P12050,Protein 2051,,,,,,
P12051,Protein 2052,,,,,,
P12052,Protein 2053,,,,,,
P12053,Protein 2054,,,,,,
P12054,Protein 2055,,,,,,
P12055,Protein 2056,22.9,19.3,43.7,9.7,22.1,12
P12056,Protein 2057,,,,,,
P12057,Protein 2058,,,,,,
P12058,Protein 2059,34.5,37.6,55.9,8.5,17.3,10.6
P12059,Protein 2060,,,,,,
P12060,Protein 2061,,,,,,
P12061,Protein 2062,,,,,,
P12062,Protein 2063,,,,,,
P12063,Protein 2064,5.9,25.4,102.5,2.6,7.9,2.3
P12064,Protein 2065,,,,,,
P12065,Protein 2066,,,,,,
P12066,Protein 2067,28.1,36.4,49.2,3.9,10.7,10.3
P12067,Protein 2068,310.6,241.5,238.3,173.1,187.9,240.4
P12068,Protein 2069,217.7,56.5,212.1,243.7,120.3,103.2
P12069,Protein 2070,409.5,341.3,539.1,13.7,38,18.8
P12070,Protein 2071,,,,,,
P12071,Protein 2072,,,,,,
P12072,Protein 2073,51.4,44,56.9,2.2,7.6,5.8
P12073,Protein 2074,8.4,3.7,8.7,59.9,7.2,18.9
P12074,Protein 2075,,,,,,
P12075,Protein 2076,,,,,,
P12076,Protein 2077,799.3,167.3,377.7,196.7,173.3,318.3
P12077,Protein 2078,,,,,,
P12078,Protein 2079,8.1,35,129.3,5.2,5.4,5.1
P12079,Protein 2080,,,,,,
P12080,Protein 2081,,,,,,
P12081,Protein 2082,,,,,,
P12082,Protein 2083,,,,,,
P12083,Protein 2084,,,,,,
P12084,Protein 2085,2.7,72.8,196.9,4.1,4.1,12.1
P12085,Protein 2086,,,,,,
P12086,Protein 2087,125.3,77.7,236,130.1,88.8,177.8
P12087,Protein 2088,,,,,,
P12088,Protein 2089,,,,,,
P12089,Protein 2090,,,,,,
P12090,Protein 2091,,,,,,
P12091,Protein 2092,,,,,,
P12092,Protein 2093,158,110.9,171,85.3,64.8,76.4
P12093,Protein 2094,,,,,,
P12094,Protein 2095,,,,,,
P12095,Protein 2096,,,,,,
P12096,Protein 2097,,,,,,
P12097,Protein 2098,,,,,,
P12098,Protein 2099,,,,,,
P12099,Protein 2100,,,,,,
P12100,Protein 2101,194.3,239.9,353.8,6.3,11.2,11.5
P12101,Protein 2102,201.8,202.7,270.5,7.8,6.5,4.3
P12102,Protein 2103,,,,,,
P12103,Protein 2104,,,,,,
P12104,Protein 2105,,,,,,
P12105,Protein 2106,,,,,,
P12106,Protein 2107,,,,,,
P12107,Protein 2108,,,,,,
P12108,Protein 2109,,,,,,
P12109,Protein 2110,,,,,,
P12110,Protein 2111,,,,,,
P12111,Protein 2112,183.2,50.9,64.1,163.9,131,89.1
P12112,Protein 2113,,,,,,
P12113,Protein 2114,,,,,,
P12114,Protein 2115,,,,,,
P12115,Protein 2116,,,,,,
P12116,Protein 2117,,,,,,
P12117,Protein 2118,,,,,,
P12118,Protein 2119,,,,,,
P12119,Protein 2120,,,,,,
P12120,Protein 2121,,,,,,
P12121,Protein 2122,,,,,,
P12122,Protein 2123,,,,,,
P12123,Protein 2124,23.1,27.9,30.7,9.8,10.4,13.4
P12124,Protein 2125,,,,,,
P12125,Protein 2126,,,,,,
P12126,Protein 2127,92.3,92,101.8,6.8,4.5,4.6
P12127,Protein 2128,14,8.3,14.6,9.6,,314.8
P12128,Protein 2129,,,,,,
P12129,Protein 2130,,,,,,
P12130,Protein 2131,,,,,,
P12131,Protein 2132,,,,,,
